Date_admission,Jour_semaine,Jour,Mois,Annee,Saison,Vacances_scolaires,Température,Météo,Lits occupes,Materiel utilise,Nb medecin,Nb infirmier,Nb aide soignant,Evenement_Special,Nombre_admissions
2022-01-01,Saturday,1,January,2022,Hiver,Oui,3,Pluie,44,5129,22,25,19,Épidémie de grippe,44
2022-01-02,Sunday,2,January,2022,Hiver,Non,2,Froid,46,5361,24,31,21,Épidémie de grippe,46
2022-01-03,Monday,3,January,2022,Hiver,Non,2,Gris,57,10157,29,38,30,Épidémie de grippe,57
2022-01-04,Tuesday,4,January,2022,Hiver,Non,3,Pluie,48,5373,22,29,21,Aucun,48
2022-01-05,Wednesday,5,January,2022,Hiver,Non,3,Gris,36,3963,15,20,16,Épidémie de grippe,36
2022-01-06,Thursday,6,January,2022,Hiver,Non,1,Neige,54,5827,27,31,22,Aucun,54
2022-01-07,Friday,7,January,2022,Hiver,Non,5,Pluie,57,8204,27,33,26,Aucun,57
2022-01-08,Saturday,8,January,2022,Hiver,Non,2,Pluie,45,5888,24,27,25,Aucun,45
2022-01-09,Sunday,9,January,2022,Hiver,Non,1,Gris,48,6490,25,30,23,Aucun,48
2022-01-10,Monday,10,January,2022,Hiver,Non,3,Gris,62,8938,34,38,30,Aucun,62
2022-01-11,Tuesday,11,January,2022,Hiver,Non,4,Gris,50,5970,23,30,24,Épidémie de grippe,50
2022-01-12,Wednesday,12,January,2022,Hiver,Non,3,Gris,40,4649,20,24,19,Épidémie de grippe,40
2022-01-13,Thursday,13,January,2022,Hiver,Non,3,Gris,50,6496,27,30,24,Aucun,50
2022-01-14,Friday,14,January,2022,Hiver,Non,2,Froid,57,6071,27,34,26,Épidémie de grippe,57
2022-01-15,Saturday,15,January,2022,Hiver,Non,1,Neige,43,6341,27,25,22,Aucun,43
2022-01-16,Sunday,16,January,2022,Hiver,Non,3,Pluie,43,4853,19,26,20,Aucun,43
2022-01-17,Monday,17,January,2022,Hiver,Non,4,Pluie,54,7052,28,33,27,Épidémie de grippe,54
2022-01-18,Tuesday,18,January,2022,Hiver,Non,-1,Neige,45,6157,24,28,24,Épidémie de grippe,45
2022-01-19,Wednesday,19,January,2022,Hiver,Non,-1,Neige,37,3767,18,22,18,Épidémie de grippe,37
2022-01-20,Thursday,20,January,2022,Hiver,Non,3,Froid,50,5360,26,29,22,Épidémie de grippe,50
2022-01-21,Friday,21,January,2022,Hiver,Non,2,Gris,59,6389,27,34,28,Aucun,59
2022-01-22,Saturday,22,January,2022,Hiver,Non,0,Neige,43,7993,24,29,24,Aucun,43
2022-01-23,Sunday,23,January,2022,Hiver,Non,3,Pluie,44,4736,22,25,19,Épidémie de grippe,44
2022-01-24,Monday,24,January,2022,Hiver,Non,3,Gris,56,6702,25,34,28,Épidémie de grippe,56
2022-01-25,Tuesday,25,January,2022,Hiver,Non,1,Froid,52,6003,25,31,24,Aucun,52
2022-01-26,Wednesday,26,January,2022,Hiver,Non,1,Gris,35,4828,19,20,16,Épidémie de grippe,35
2022-01-27,Thursday,27,January,2022,Hiver,Non,2,Froid,54,4727,26,31,22,Aucun,54
2022-01-28,Friday,28,January,2022,Hiver,Non,2,Froid,50,6115,24,29,23,Aucun,50
2022-01-29,Saturday,29,January,2022,Hiver,Non,1,Neige,47,6851,24,29,25,Aucun,47
2022-01-30,Sunday,30,January,2022,Hiver,Non,0,Neige,38,4776,18,23,21,Épidémie de grippe,38
2022-01-31,Monday,31,January,2022,Hiver,Non,3,Gris,63,9613,38,42,33,Aucun,63
2022-02-01,Tuesday,1,February,2022,Hiver,Non,2,Pluie,41,4496,18,25,21,Épidémie de grippe,41
2022-02-02,Wednesday,2,February,2022,Hiver,Non,2,Pluie,36,1832,14,18,13,Aucun,36
2022-02-03,Thursday,3,February,2022,Hiver,Non,2,Neige,56,5958,26,32,27,Aucun,56
2022-02-04,Friday,4,February,2022,Hiver,Non,1,Gris,61,7670,34,36,30,Épidémie de grippe,61
2022-02-05,Saturday,5,February,2022,Hiver,Non,1,Neige,42,4389,19,25,18,Épidémie de grippe,42
2022-02-06,Sunday,6,February,2022,Hiver,Non,0,Neige,44,4949,21,26,22,Aucun,44
2022-02-07,Monday,7,February,2022,Hiver,Non,4,Pluie,53,5991,24,32,25,Aucun,53
2022-02-08,Tuesday,8,February,2022,Hiver,Non,0,Froid,49,5572,25,28,23,Épidémie de grippe,49
2022-02-09,Wednesday,9,February,2022,Hiver,Non,2,Neige,46,4679,24,27,20,Épidémie de grippe,46
2022-02-10,Thursday,10,February,2022,Hiver,Non,2,Froid,55,7903,28,34,26,Aucun,55
2022-02-11,Friday,11,February,2022,Hiver,Non,2,Pluie,64,9401,33,40,34,Épidémie de grippe,64
2022-02-12,Saturday,12,February,2022,Hiver,Non,2,Gris,39,4978,20,24,18,Aucun,39
2022-02-13,Sunday,13,February,2022,Hiver,Non,1,Gris,45,5498,22,28,18,Aucun,45
2022-02-14,Monday,14,February,2022,Hiver,Non,1,Gris,57,6600,27,35,26,Épidémie de grippe,57
2022-02-15,Tuesday,15,February,2022,Hiver,Non,3,Pluie,42,5018,22,25,20,Aucun,42
2022-02-16,Wednesday,16,February,2022,Hiver,Non,0,Froid,38,3199,18,20,16,Épidémie de grippe,38
2022-02-17,Thursday,17,February,2022,Hiver,Non,5,Gris,49,7258,29,29,23,Aucun,49
2022-02-18,Friday,18,February,2022,Hiver,Non,0,Neige,60,7903,32,40,31,Aucun,60
2022-02-19,Saturday,19,February,2022,Hiver,Non,2,Froid,46,5163,20,28,20,Épidémie de grippe,46
2022-02-20,Sunday,20,February,2022,Hiver,Non,1,Gris,42,6303,26,27,20,Épidémie de grippe,42
2022-02-21,Monday,21,February,2022,Hiver,Non,2,Pluie,63,8388,30,38,28,Épidémie de grippe,63
2022-02-22,Tuesday,22,February,2022,Hiver,Non,2,Gris,42,4839,21,24,19,Épidémie de grippe,42
2022-02-23,Wednesday,23,February,2022,Hiver,Non,2,Pluie,42,5961,22,30,22,Aucun,42
2022-02-24,Thursday,24,February,2022,Hiver,Non,1,Froid,64,8942,35,41,33,Aucun,64
2022-02-25,Friday,25,February,2022,Hiver,Non,2,Gris,55,8034,30,33,27,Épidémie de grippe,55
2022-02-26,Saturday,26,February,2022,Hiver,Non,2,Gris,40,5704,21,25,21,Épidémie de grippe,40
2022-02-27,Sunday,27,February,2022,Hiver,Non,-1,Froid,46,5030,21,26,22,Épidémie de grippe,46
2022-02-28,Monday,28,February,2022,Hiver,Non,2,Froid,61,4647,26,32,24,Aucun,61
2022-03-01,Tuesday,1,March,2022,Printemps,Non,16,Soleil,34,6362,20,22,19,Aucun,34
2022-03-02,Wednesday,2,March,2022,Printemps,Non,14,Pluie,33,4311,16,19,15,Pollens allergènes,33
2022-03-03,Thursday,3,March,2022,Printemps,Non,15,Soleil,39,3865,18,23,16,Aucun,39
2022-03-04,Friday,4,March,2022,Printemps,Non,16,Soleil,47,5140,22,26,20,Aucun,47
2022-03-05,Saturday,5,March,2022,Printemps,Non,16,Soleil,32,2902,16,17,12,Aucun,32
2022-03-06,Sunday,6,March,2022,Printemps,Non,15,Soleil,33,2924,15,19,13,Pollens allergènes,33
2022-03-07,Monday,7,March,2022,Printemps,Non,15,Soleil,43,5540,19,26,21,Aucun,43
2022-03-08,Tuesday,8,March,2022,Printemps,Non,16,Doux,37,4060,18,20,15,Pollens allergènes,37
2022-03-09,Wednesday,9,March,2022,Printemps,Non,15,Soleil,29,2716,12,16,11,Aucun,29
2022-03-10,Thursday,10,March,2022,Printemps,Non,14,Pluie,37,3494,17,21,14,Aucun,37
2022-03-11,Friday,11,March,2022,Printemps,Non,15,Doux,43,6105,20,25,20,Pollens allergènes,43
2022-03-12,Saturday,12,March,2022,Printemps,Non,14,Pluie,35,4288,16,22,16,Aucun,35
2022-03-13,Sunday,13,March,2022,Printemps,Non,14,Pluie,26,2676,12,15,9,Pollens allergènes,26
2022-03-14,Monday,14,March,2022,Printemps,Non,16,Soleil,46,3612,20,25,18,Pollens allergènes,46
2022-03-15,Tuesday,15,March,2022,Printemps,Non,14,Soleil,35,5481,18,21,18,Pollens allergènes,35
2022-03-16,Wednesday,16,March,2022,Printemps,Non,16,Soleil,30,2681,14,16,12,Pollens allergènes,30
2022-03-17,Thursday,17,March,2022,Printemps,Non,14,Doux,37,5033,20,22,18,Pollens allergènes,37
2022-03-18,Friday,18,March,2022,Printemps,Non,17,Doux,42,4026,18,24,18,Pollens allergènes,42
2022-03-19,Saturday,19,March,2022,Printemps,Non,16,Soleil,31,4048,17,19,15,Aucun,31
2022-03-20,Sunday,20,March,2022,Printemps,Non,16,Doux,32,5602,16,21,16,Aucun,32
2022-03-21,Monday,21,March,2022,Printemps,Non,15,Soleil,43,4555,20,25,20,Pollens allergènes,43
2022-03-22,Tuesday,22,March,2022,Printemps,Non,15,Doux,35,5337,19,22,19,Aucun,35
2022-03-23,Wednesday,23,March,2022,Printemps,Non,14,Soleil,31,3028,12,19,12,Aucun,31
2022-03-24,Thursday,24,March,2022,Printemps,Non,16,Doux,47,6766,22,28,20,Pollens allergènes,47
2022-03-25,Friday,25,March,2022,Printemps,Non,15,Soleil,46,4788,21,25,20,Aucun,46
2022-03-26,Saturday,26,March,2022,Printemps,Non,15,Pluie,30,3454,15,18,14,Pollens allergènes,30
2022-03-27,Sunday,27,March,2022,Printemps,Non,16,Doux,40,4161,19,24,18,Pollens allergènes,40
2022-03-28,Monday,28,March,2022,Printemps,Non,15,Soleil,47,4033,20,26,20,Aucun,47
2022-03-29,Tuesday,29,March,2022,Printemps,Non,15,Doux,34,3284,16,18,15,Pollens allergènes,34
2022-03-30,Wednesday,30,March,2022,Printemps,Non,16,Soleil,26,2969,13,16,11,Pollens allergènes,26
2022-03-31,Thursday,31,March,2022,Printemps,Non,15,Doux,39,4273,20,22,18,Pollens allergènes,39
2022-04-01,Friday,1,April,2022,Printemps,Non,15,Doux,49,6620,27,30,24,Pollens allergènes,49
2022-04-02,Saturday,2,April,2022,Printemps,Non,14,Doux,28,3233,14,15,13,Aucun,28
2022-04-03,Sunday,3,April,2022,Printemps,Non,15,Pluie,32,3675,16,18,15,Pollens allergènes,32
2022-04-04,Monday,4,April,2022,Printemps,Non,14,Pluie,48,3998,21,26,19,Pollens allergènes,48
2022-04-05,Tuesday,5,April,2022,Printemps,Non,15,Soleil,34,4537,17,20,16,Aucun,34
2022-04-06,Wednesday,6,April,2022,Printemps,Non,13,Pluie,30,3691,14,18,15,Aucun,30
2022-04-07,Thursday,7,April,2022,Printemps,Non,15,Soleil,41,6549,20,24,22,Aucun,41
2022-04-08,Friday,8,April,2022,Printemps,Non,14,Pluie,40,3863,18,22,16,Aucun,40
2022-04-09,Saturday,9,April,2022,Printemps,Non,16,Doux,28,4020,13,16,12,Pollens allergènes,28
2022-04-10,Sunday,10,April,2022,Printemps,Non,15,Pluie,32,4705,17,19,18,Pollens allergènes,32
2022-04-11,Monday,11,April,2022,Printemps,Non,15,Soleil,49,5693,21,27,23,Aucun,49
2022-04-12,Tuesday,12,April,2022,Printemps,Non,15,Soleil,33,4216,16,20,14,Pollens allergènes,33
2022-04-13,Wednesday,13,April,2022,Printemps,Non,16,Doux,27,3078,14,16,12,Pollens allergènes,27
2022-04-14,Thursday,14,April,2022,Printemps,Non,15,Doux,39,4446,19,23,16,Aucun,39
2022-04-15,Friday,15,April,2022,Printemps,Non,16,Doux,45,4127,20,24,16,Aucun,45
2022-04-16,Saturday,16,April,2022,Printemps,Non,14,Soleil,34,4963,17,20,17,Aucun,34
2022-04-17,Sunday,17,April,2022,Printemps,Non,17,Doux,33,3398,14,19,16,Pollens allergènes,33
2022-04-18,Monday,18,April,2022,Printemps,Oui,14,Pluie,46,5776,24,28,21,Aucun,46
2022-04-19,Tuesday,19,April,2022,Printemps,Non,15,Pluie,35,5494,17,22,18,Pollens allergènes,35
2022-04-20,Wednesday,20,April,2022,Printemps,Non,15,Soleil,31,4296,16,19,14,Aucun,31
2022-04-21,Thursday,21,April,2022,Printemps,Non,14,Pluie,54,6491,26,33,25,Aucun,54
2022-04-22,Friday,22,April,2022,Printemps,Non,15,Doux,42,5151,20,24,20,Pollens allergènes,42
2022-04-23,Saturday,23,April,2022,Printemps,Non,16,Soleil,29,3307,15,17,13,Aucun,29
2022-04-24,Sunday,24,April,2022,Printemps,Non,14,Pluie,28,3410,14,16,14,Aucun,28
2022-04-25,Monday,25,April,2022,Printemps,Non,15,Doux,44,4175,20,23,15,Pollens allergènes,44
2022-04-26,Tuesday,26,April,2022,Printemps,Non,16,Doux,35,4511,18,20,16,Pollens allergènes,35
2022-04-27,Wednesday,27,April,2022,Printemps,Non,16,Soleil,32,5206,19,22,18,Aucun,32
2022-04-28,Thursday,28,April,2022,Printemps,Non,16,Doux,35,4323,18,20,16,Aucun,35
2022-04-29,Friday,29,April,2022,Printemps,Non,15,Pluie,37,4591,18,22,18,Pollens allergènes,37
2022-04-30,Saturday,30,April,2022,Printemps,Non,16,Doux,34,3395,16,20,15,Pollens allergènes,34
2022-05-01,Sunday,1,May,2022,Printemps,Oui,15,Doux,27,4941,16,17,14,Aucun,27
2022-05-02,Monday,2,May,2022,Printemps,Non,14,Pluie,46,5034,19,27,18,Pollens allergènes,46
2022-05-03,Tuesday,3,May,2022,Printemps,Non,16,Soleil,40,5987,19,24,20,Aucun,40
2022-05-04,Wednesday,4,May,2022,Printemps,Non,13,Pluie,33,3029,16,18,14,Pollens allergènes,33
2022-05-05,Thursday,5,May,2022,Printemps,Non,15,Doux,40,3796,17,20,18,Pollens allergènes,40
2022-05-06,Friday,6,May,2022,Printemps,Non,15,Soleil,49,6074,23,28,22,Aucun,49
2022-05-07,Saturday,7,May,2022,Printemps,Non,14,Pluie,37,4301,18,21,18,Aucun,37
2022-05-08,Sunday,8,May,2022,Printemps,Oui,16,Doux,33,2818,16,17,12,Aucun,33
2022-05-09,Monday,9,May,2022,Printemps,Non,16,Doux,44,7795,24,29,24,Aucun,44
2022-05-10,Tuesday,10,May,2022,Printemps,Non,15,Pluie,36,3980,16,18,17,Pollens allergènes,36
2022-05-11,Wednesday,11,May,2022,Printemps,Non,16,Soleil,32,4950,16,20,16,Aucun,32
2022-05-12,Thursday,12,May,2022,Printemps,Non,14,Pluie,37,4302,18,20,16,Aucun,37
2022-05-13,Friday,13,May,2022,Printemps,Non,15,Soleil,43,4927,22,25,20,Pollens allergènes,43
2022-05-14,Saturday,14,May,2022,Printemps,Non,15,Pluie,36,4416,17,19,16,Aucun,36
2022-05-15,Sunday,15,May,2022,Printemps,Non,15,Soleil,29,2913,12,16,12,Pollens allergènes,29
2022-05-16,Monday,16,May,2022,Printemps,Non,15,Doux,49,5625,24,27,20,Aucun,49
2022-05-17,Tuesday,17,May,2022,Printemps,Non,15,Doux,36,6073,19,22,18,Aucun,36
2022-05-18,Wednesday,18,May,2022,Printemps,Non,16,Soleil,27,3938,14,15,13,Pollens allergènes,27
2022-05-19,Thursday,19,May,2022,Printemps,Non,16,Doux,47,6347,23,29,24,Pollens allergènes,47
2022-05-20,Friday,20,May,2022,Printemps,Non,14,Pluie,52,6345,25,32,22,Pollens allergènes,52
2022-05-21,Saturday,21,May,2022,Printemps,Non,15,Pluie,32,2530,14,17,13,Pollens allergènes,32
2022-05-22,Sunday,22,May,2022,Printemps,Non,14,Soleil,31,5922,17,20,19,Pollens allergènes,31
2022-05-23,Monday,23,May,2022,Printemps,Non,15,Pluie,51,8615,27,32,27,Aucun,51
2022-05-24,Tuesday,24,May,2022,Printemps,Non,15,Pluie,30,2485,12,16,13,Aucun,30
2022-05-25,Wednesday,25,May,2022,Printemps,Non,14,Soleil,26,3525,11,16,11,Pollens allergènes,26
2022-05-26,Thursday,26,May,2022,Printemps,Oui,15,Doux,48,6307,26,28,23,Aucun,48
2022-05-27,Friday,27,May,2022,Printemps,Non,15,Pluie,45,5829,21,25,20,Pollens allergènes,45
2022-05-28,Saturday,28,May,2022,Printemps,Non,14,Pluie,29,3086,14,17,13,Pollens allergènes,29
2022-05-29,Sunday,29,May,2022,Printemps,Non,15,Pluie,33,4169,13,18,13,Aucun,33
2022-05-30,Monday,30,May,2022,Printemps,Non,15,Pluie,46,4500,20,26,21,Pollens allergènes,46
2022-05-31,Tuesday,31,May,2022,Printemps,Non,14,Doux,33,4545,16,19,15,Pollens allergènes,33
2022-06-01,Wednesday,1,June,2022,Été,Non,28,Canicule,52,6216,18,27,18,Canicule,52
2022-06-02,Thursday,2,June,2022,Été,Non,25,Soleil,60,8095,20,34,20,Canicule,60
2022-06-03,Friday,3,June,2022,Été,Non,27,Soleil,74,8415,24,39,24,Canicule,74
2022-06-04,Saturday,4,June,2022,Été,Non,27,Soleil,43,4982,15,23,15,Aucun,43
2022-06-05,Sunday,5,June,2022,Été,Non,26,Soleil,54,6399,16,30,18,Canicule,54
2022-06-06,Monday,6,June,2022,Été,Oui,27,Soleil,62,9036,20,35,22,Aucun,62
2022-06-07,Tuesday,7,June,2022,Été,Non,26,Soleil,52,6061,16,28,17,Aucun,52
2022-06-08,Wednesday,8,June,2022,Été,Non,29,Chaleur,40,4003,13,21,14,Canicule,40
2022-06-09,Thursday,9,June,2022,Été,Non,26,Soleil,62,9381,22,34,24,Aucun,62
2022-06-10,Friday,10,June,2022,Été,Non,28,Chaleur,63,9519,23,35,22,Aucun,63
2022-06-11,Saturday,11,June,2022,Été,Non,28,Canicule,46,6384,16,25,16,Canicule,46
2022-06-12,Sunday,12,June,2022,Été,Non,28,Chaleur,47,4794,14,26,16,Canicule,47
2022-06-13,Monday,13,June,2022,Été,Non,29,Canicule,67,5337,20,35,19,Aucun,67
2022-06-14,Tuesday,14,June,2022,Été,Non,27,Soleil,52,7450,19,28,19,Canicule,52
2022-06-15,Wednesday,15,June,2022,Été,Non,29,Canicule,47,5182,14,26,15,Aucun,47
2022-06-16,Thursday,16,June,2022,Été,Non,28,Canicule,75,11615,27,42,29,Aucun,75
2022-06-17,Friday,17,June,2022,Été,Non,29,Canicule,68,11146,26,38,26,Canicule,68
2022-06-18,Saturday,18,June,2022,Été,Non,27,Chaleur,51,6966,18,28,18,Canicule,51
2022-06-19,Sunday,19,June,2022,Été,Non,28,Canicule,51,7013,18,28,18,Aucun,51
2022-06-20,Monday,20,June,2022,Été,Non,27,Soleil,68,7465,24,37,23,Aucun,68
2022-06-21,Tuesday,21,June,2022,Été,Non,29,Chaleur,55,7894,18,30,21,Canicule,55
2022-06-22,Wednesday,22,June,2022,Été,Non,28,Canicule,45,5269,13,24,15,Canicule,45
2022-06-23,Thursday,23,June,2022,Été,Non,27,Chaleur,63,10065,23,34,21,Canicule,63
2022-06-24,Friday,24,June,2022,Été,Non,27,Canicule,72,7341,23,37,22,Canicule,72
2022-06-25,Saturday,25,June,2022,Été,Non,28,Canicule,52,6008,19,28,18,Aucun,52
2022-06-26,Sunday,26,June,2022,Été,Non,27,Chaleur,50,6170,16,28,17,Canicule,50
2022-06-27,Monday,27,June,2022,Été,Non,29,Chaleur,79,10828,30,44,26,Canicule,79
2022-06-28,Tuesday,28,June,2022,Été,Non,27,Soleil,49,6746,18,28,17,Canicule,49
2022-06-29,Wednesday,29,June,2022,Été,Non,27,Soleil,47,7738,17,28,17,Canicule,47
2022-06-30,Thursday,30,June,2022,Été,Non,27,Soleil,67,6489,20,35,20,Aucun,67
2022-07-01,Friday,1,July,2022,Été,Non,25,Soleil,74,8919,25,39,26,Aucun,74
2022-07-02,Saturday,2,July,2022,Été,Non,28,Canicule,52,5441,16,27,16,Aucun,52
2022-07-03,Sunday,3,July,2022,Été,Non,29,Canicule,49,6403,18,26,17,Aucun,49
2022-07-04,Monday,4,July,2022,Été,Non,28,Canicule,77,12072,27,42,26,Aucun,77
2022-07-05,Tuesday,5,July,2022,Été,Non,27,Soleil,51,4973,16,26,16,Canicule,51
2022-07-06,Wednesday,6,July,2022,Été,Non,25,Soleil,42,5163,15,23,13,Aucun,42
2022-07-07,Thursday,7,July,2022,Été,Non,27,Canicule,63,8673,23,36,22,Aucun,63
2022-07-08,Friday,8,July,2022,Été,Non,28,Canicule,69,7171,22,38,20,Canicule,69
2022-07-09,Saturday,9,July,2022,Été,Non,28,Canicule,51,6182,16,27,17,Aucun,51
2022-07-10,Sunday,10,July,2022,Été,Non,26,Canicule,48,5677,17,26,17,Canicule,48
2022-07-11,Monday,11,July,2022,Été,Non,28,Chaleur,76,6459,23,38,23,Canicule,76
2022-07-12,Tuesday,12,July,2022,Été,Non,28,Canicule,54,7399,18,30,20,Aucun,54
2022-07-13,Wednesday,13,July,2022,Été,Non,27,Soleil,52,6885,18,27,16,Canicule,52
2022-07-14,Thursday,14,July,2022,Été,Oui,29,Chaleur,64,6330,20,34,19,Canicule,64
2022-07-15,Friday,15,July,2022,Été,Non,28,Canicule,71,11210,24,39,27,Canicule,71
2022-07-16,Saturday,16,July,2022,Été,Non,28,Chaleur,55,7941,19,30,19,Aucun,55
2022-07-17,Sunday,17,July,2022,Été,Non,27,Canicule,41,3431,12,22,11,Aucun,41
2022-07-18,Monday,18,July,2022,Été,Non,30,Canicule,67,10533,23,36,22,Canicule,67
2022-07-19,Tuesday,19,July,2022,Été,Non,29,Canicule,56,5720,18,29,18,Aucun,56
2022-07-20,Wednesday,20,July,2022,Été,Non,28,Canicule,41,3762,12,21,12,Aucun,41
2022-07-21,Thursday,21,July,2022,Été,Non,28,Chaleur,71,8356,24,38,21,Aucun,71
2022-07-22,Friday,22,July,2022,Été,Non,28,Canicule,73,8455,25,38,25,Canicule,73
2022-07-23,Saturday,23,July,2022,Été,Non,28,Chaleur,53,5862,16,28,17,Aucun,53
2022-07-24,Sunday,24,July,2022,Été,Non,28,Soleil,53,5327,17,29,16,Aucun,53
2022-07-25,Monday,25,July,2022,Été,Non,29,Canicule,76,8138,24,41,25,Aucun,76
2022-07-26,Tuesday,26,July,2022,Été,Non,30,Canicule,52,6553,19,29,18,Aucun,52
2022-07-27,Wednesday,27,July,2022,Été,Non,29,Chaleur,44,5633,14,24,14,Aucun,44
2022-07-28,Thursday,28,July,2022,Été,Non,30,Chaleur,68,6418,22,36,20,Canicule,68
2022-07-29,Friday,29,July,2022,Été,Non,27,Canicule,73,8460,24,40,25,Aucun,73
2022-07-30,Saturday,30,July,2022,Été,Non,25,Soleil,52,6597,17,27,18,Canicule,52
2022-07-31,Sunday,31,July,2022,Été,Non,28,Canicule,52,5981,17,29,17,Aucun,52
2022-08-01,Monday,1,August,2022,Été,Non,27,Soleil,74,8534,22,38,26,Aucun,74
2022-08-02,Tuesday,2,August,2022,Été,Non,29,Canicule,45,4898,15,24,15,Canicule,45
2022-08-03,Wednesday,3,August,2022,Été,Non,28,Soleil,48,5958,16,27,16,Aucun,48
2022-08-04,Thursday,4,August,2022,Été,Non,26,Soleil,68,9013,22,37,23,Canicule,68
2022-08-05,Friday,5,August,2022,Été,Non,30,Canicule,70,8189,22,38,24,Aucun,70
2022-08-06,Saturday,6,August,2022,Été,Non,27,Chaleur,43,5331,15,23,14,Canicule,43
2022-08-07,Sunday,7,August,2022,Été,Non,27,Soleil,53,8036,19,28,20,Aucun,53
2022-08-08,Monday,8,August,2022,Été,Non,27,Canicule,72,8240,24,38,22,Canicule,72
2022-08-09,Tuesday,9,August,2022,Été,Non,27,Canicule,58,7050,18,31,20,Canicule,58
2022-08-10,Wednesday,10,August,2022,Été,Non,28,Chaleur,50,5855,16,27,17,Aucun,50
2022-08-11,Thursday,11,August,2022,Été,Non,28,Canicule,68,6897,21,36,21,Aucun,68
2022-08-12,Friday,12,August,2022,Été,Non,27,Chaleur,70,6976,22,38,24,Aucun,70
2022-08-13,Saturday,13,August,2022,Été,Non,28,Canicule,54,6287,18,30,18,Aucun,54
2022-08-14,Sunday,14,August,2022,Été,Non,26,Soleil,57,6476,19,30,19,Canicule,57
2022-08-15,Monday,15,August,2022,Été,Oui,28,Canicule,72,7855,23,38,22,Canicule,72
2022-08-16,Tuesday,16,August,2022,Été,Non,28,Chaleur,51,8501,22,29,21,Aucun,51
2022-08-17,Wednesday,17,August,2022,Été,Non,26,Soleil,50,4690,16,26,15,Canicule,50
2022-08-18,Thursday,18,August,2022,Été,Non,28,Canicule,69,8330,23,36,23,Canicule,69
2022-08-19,Friday,19,August,2022,Été,Non,25,Soleil,66,8729,23,36,22,Canicule,66
2022-08-20,Saturday,20,August,2022,Été,Non,26,Soleil,48,7781,17,26,17,Aucun,48
2022-08-21,Sunday,21,August,2022,Été,Non,27,Chaleur,47,5423,16,25,15,Aucun,47
2022-08-22,Monday,22,August,2022,Été,Non,28,Chaleur,69,10317,23,37,24,Canicule,69
2022-08-23,Tuesday,23,August,2022,Été,Non,27,Chaleur,57,6100,17,30,18,Canicule,57
2022-08-24,Wednesday,24,August,2022,Été,Non,27,Soleil,46,3561,13,24,12,Canicule,46
2022-08-25,Thursday,25,August,2022,Été,Non,28,Chaleur,66,7817,21,36,21,Aucun,66
2022-08-26,Friday,26,August,2022,Été,Non,29,Canicule,71,8676,21,40,22,Canicule,71
2022-08-27,Saturday,27,August,2022,Été,Non,28,Chaleur,54,6046,17,28,16,Aucun,54
2022-08-28,Sunday,28,August,2022,Été,Non,25,Soleil,49,7669,20,26,18,Aucun,49
2022-08-29,Monday,29,August,2022,Été,Non,29,Canicule,62,6262,20,32,19,Aucun,62
2022-08-30,Tuesday,30,August,2022,Été,Non,26,Soleil,55,6407,19,29,19,Canicule,55
2022-08-31,Wednesday,31,August,2022,Été,Non,27,Chaleur,52,8973,21,30,21,Aucun,52
2022-09-01,Thursday,1,September,2022,Automne,Non,12,Frais,42,4383,22,24,18,Épidémie de gastro,42
2022-09-02,Friday,2,September,2022,Automne,Non,12,Frais,49,5782,24,28,24,Épidémie de gastro,49
2022-09-03,Saturday,3,September,2022,Automne,Non,12,Pluie,36,4367,16,21,18,Épidémie de gastro,36
2022-09-04,Sunday,4,September,2022,Automne,Non,12,Pluie,35,4433,16,21,16,Épidémie de gastro,35
2022-09-05,Monday,5,September,2022,Automne,Non,12,Vent,50,7695,28,30,25,Aucun,50
2022-09-06,Tuesday,6,September,2022,Automne,Non,12,Pluie,35,4502,16,20,16,Aucun,35
2022-09-07,Wednesday,7,September,2022,Automne,Non,12,Pluie,35,3087,17,19,14,Aucun,35
2022-09-08,Thursday,8,September,2022,Automne,Non,13,Frais,44,3732,18,24,16,Épidémie de gastro,44
2022-09-09,Friday,9,September,2022,Automne,Non,12,Pluie,48,4216,22,26,21,Épidémie de gastro,48
2022-09-10,Saturday,10,September,2022,Automne,Non,12,Pluie,40,4512,18,22,17,Aucun,40
2022-09-11,Sunday,11,September,2022,Automne,Non,12,Vent,36,3720,16,21,17,Aucun,36
2022-09-12,Monday,12,September,2022,Automne,Non,12,Vent,52,5285,25,31,22,Épidémie de gastro,52
2022-09-13,Tuesday,13,September,2022,Automne,Non,11,Pluie,35,4650,17,20,16,Aucun,35
2022-09-14,Wednesday,14,September,2022,Automne,Non,12,Vent,33,3140,15,19,16,Épidémie de gastro,33
2022-09-15,Thursday,15,September,2022,Automne,Non,12,Vent,42,3494,17,23,18,Aucun,42
2022-09-16,Friday,16,September,2022,Automne,Non,12,Pluie,52,5122,24,30,22,Aucun,52
2022-09-17,Saturday,17,September,2022,Automne,Non,12,Frais,40,4959,17,24,18,Aucun,40
2022-09-18,Sunday,18,September,2022,Automne,Non,11,Frais,34,3097,16,18,14,Aucun,34
2022-09-19,Monday,19,September,2022,Automne,Non,12,Vent,48,5204,24,25,23,Aucun,48
2022-09-20,Tuesday,20,September,2022,Automne,Non,11,Vent,40,4487,20,24,19,Épidémie de gastro,40
2022-09-21,Wednesday,21,September,2022,Automne,Non,12,Frais,36,3164,16,20,16,Aucun,36
2022-09-22,Thursday,22,September,2022,Automne,Non,12,Frais,45,6043,20,25,20,Épidémie de gastro,45
2022-09-23,Friday,23,September,2022,Automne,Non,12,Frais,50,4714,22,27,23,Aucun,50
2022-09-24,Saturday,24,September,2022,Automne,Non,13,Vent,35,4108,17,20,15,Aucun,35
2022-09-25,Sunday,25,September,2022,Automne,Non,12,Vent,33,3453,16,19,15,Aucun,33
2022-09-26,Monday,26,September,2022,Automne,Non,12,Frais,48,7776,27,29,28,Aucun,48
2022-09-27,Tuesday,27,September,2022,Automne,Non,11,Frais,39,4906,18,23,19,Épidémie de gastro,39
2022-09-28,Wednesday,28,September,2022,Automne,Non,12,Pluie,29,3188,13,17,12,Épidémie de gastro,29
2022-09-29,Thursday,29,September,2022,Automne,Non,12,Frais,53,5653,24,30,22,Aucun,53
2022-09-30,Friday,30,September,2022,Automne,Non,12,Pluie,44,4644,19,26,19,Épidémie de gastro,44
2022-10-01,Saturday,1,October,2022,Automne,Non,12,Frais,38,3740,16,20,15,Aucun,38
2022-10-02,Sunday,2,October,2022,Automne,Non,12,Frais,35,5002,16,22,16,Épidémie de gastro,35
2022-10-03,Monday,3,October,2022,Automne,Non,12,Pluie,55,6404,26,31,24,Aucun,55
2022-10-04,Tuesday,4,October,2022,Automne,Non,12,Frais,37,3974,17,20,15,Épidémie de gastro,37
2022-10-05,Wednesday,5,October,2022,Automne,Non,11,Frais,34,3742,14,19,16,Aucun,34
2022-10-06,Thursday,6,October,2022,Automne,Non,12,Frais,46,5563,21,26,19,Aucun,46
2022-10-07,Friday,7,October,2022,Automne,Non,12,Frais,49,6347,24,28,24,Aucun,49
2022-10-08,Saturday,8,October,2022,Automne,Non,12,Pluie,37,5946,20,22,18,Épidémie de gastro,37
2022-10-09,Sunday,9,October,2022,Automne,Non,12,Pluie,33,2722,15,18,14,Épidémie de gastro,33
2022-10-10,Monday,10,October,2022,Automne,Non,12,Frais,49,7254,26,30,25,Épidémie de gastro,49
2022-10-11,Tuesday,11,October,2022,Automne,Non,12,Pluie,47,5244,21,26,23,Aucun,47
2022-10-12,Wednesday,12,October,2022,Automne,Non,12,Vent,30,3029,13,15,11,Épidémie de gastro,30
2022-10-13,Thursday,13,October,2022,Automne,Non,12,Vent,48,4748,22,27,20,Épidémie de gastro,48
2022-10-14,Friday,14,October,2022,Automne,Non,12,Vent,51,5242,23,29,23,Épidémie de gastro,51
2022-10-15,Saturday,15,October,2022,Automne,Non,11,Frais,39,6663,21,24,22,Épidémie de gastro,39
2022-10-16,Sunday,16,October,2022,Automne,Non,13,Vent,37,3543,18,19,17,Aucun,37
2022-10-17,Monday,17,October,2022,Automne,Non,12,Pluie,56,5840,26,30,26,Épidémie de gastro,56
2022-10-18,Tuesday,18,October,2022,Automne,Non,12,Frais,38,3828,17,21,16,Épidémie de gastro,38
2022-10-19,Wednesday,19,October,2022,Automne,Non,12,Pluie,36,4637,19,20,17,Épidémie de gastro,36
2022-10-20,Thursday,20,October,2022,Automne,Non,13,Vent,46,5444,22,27,20,Aucun,46
2022-10-21,Friday,21,October,2022,Automne,Non,12,Vent,58,7386,28,33,28,Épidémie de gastro,58
2022-10-22,Saturday,22,October,2022,Automne,Non,12,Vent,34,5081,17,21,16,Épidémie de gastro,34
2022-10-23,Sunday,23,October,2022,Automne,Non,11,Pluie,36,3496,16,20,16,Épidémie de gastro,36
2022-10-24,Monday,24,October,2022,Automne,Non,11,Pluie,52,6557,27,30,24,Aucun,52
2022-10-25,Tuesday,25,October,2022,Automne,Non,12,Pluie,39,4306,19,22,20,Aucun,39
2022-10-26,Wednesday,26,October,2022,Automne,Non,12,Vent,30,3034,14,17,13,Aucun,30
2022-10-27,Thursday,27,October,2022,Automne,Non,11,Pluie,44,5005,21,24,20,Épidémie de gastro,44
2022-10-28,Friday,28,October,2022,Automne,Non,11,Pluie,48,3484,21,26,20,Épidémie de gastro,48
2022-10-29,Saturday,29,October,2022,Automne,Non,12,Frais,32,4382,14,19,15,Aucun,32
2022-10-30,Sunday,30,October,2022,Automne,Non,12,Pluie,39,4793,20,24,17,Épidémie de gastro,39
2022-10-31,Monday,31,October,2022,Automne,Non,11,Pluie,46,6416,24,27,22,Épidémie de gastro,46
2022-11-01,Tuesday,1,November,2022,Automne,Oui,12,Pluie,41,5443,22,26,20,Aucun,41
2022-11-02,Wednesday,2,November,2022,Automne,Non,12,Pluie,30,4425,16,19,14,Aucun,30
2022-11-03,Thursday,3,November,2022,Automne,Non,13,Vent,45,5990,22,26,21,Épidémie de gastro,45
2022-11-04,Friday,4,November,2022,Automne,Non,12,Pluie,44,5593,23,25,20,Épidémie de gastro,44
2022-11-05,Saturday,5,November,2022,Automne,Non,12,Vent,31,3617,14,18,14,Aucun,31
2022-11-06,Sunday,6,November,2022,Automne,Non,12,Pluie,35,3579,16,20,15,Aucun,35
2022-11-07,Monday,7,November,2022,Automne,Non,12,Pluie,57,6671,26,33,26,Épidémie de gastro,57
2022-11-08,Tuesday,8,November,2022,Automne,Non,12,Vent,39,4828,20,22,16,Aucun,39
2022-11-09,Wednesday,9,November,2022,Automne,Non,11,Pluie,35,4256,16,21,17,Aucun,35
2022-11-10,Thursday,10,November,2022,Automne,Non,12,Pluie,48,6198,24,29,25,Aucun,48
2022-11-11,Friday,11,November,2022,Automne,Oui,12,Frais,50,4451,23,27,22,Épidémie de gastro,50
2022-11-12,Saturday,12,November,2022,Automne,Non,11,Frais,34,4389,17,20,14,Épidémie de gastro,34
2022-11-13,Sunday,13,November,2022,Automne,Non,11,Pluie,33,3646,16,18,15,Aucun,33
2022-11-14,Monday,14,November,2022,Automne,Non,12,Frais,50,5323,22,28,23,Aucun,50
2022-11-15,Tuesday,15,November,2022,Automne,Non,12,Frais,42,3789,18,24,19,Aucun,42
2022-11-16,Wednesday,16,November,2022,Automne,Non,12,Pluie,40,5903,21,24,18,Épidémie de gastro,40
2022-11-17,Thursday,17,November,2022,Automne,Non,11,Pluie,45,4260,21,25,17,Épidémie de gastro,45
2022-11-18,Friday,18,November,2022,Automne,Non,11,Pluie,47,2661,20,24,18,Épidémie de gastro,47
2022-11-19,Saturday,19,November,2022,Automne,Non,13,Vent,34,4481,18,21,16,Épidémie de gastro,34
2022-11-20,Sunday,20,November,2022,Automne,Non,11,Pluie,37,3421,16,21,17,Aucun,37
2022-11-21,Monday,21,November,2022,Automne,Non,12,Frais,53,9526,34,32,30,Épidémie de gastro,53
2022-11-22,Tuesday,22,November,2022,Automne,Non,11,Frais,33,5945,18,22,18,Aucun,33
2022-11-23,Wednesday,23,November,2022,Automne,Non,12,Pluie,32,4845,18,20,15,Épidémie de gastro,32
2022-11-24,Thursday,24,November,2022,Automne,Non,12,Pluie,45,5585,21,27,20,Aucun,45
2022-11-25,Friday,25,November,2022,Automne,Non,11,Pluie,52,6457,26,31,22,Aucun,52
2022-11-26,Saturday,26,November,2022,Automne,Non,12,Vent,38,5672,22,26,19,Épidémie de gastro,38
2022-11-27,Sunday,27,November,2022,Automne,Non,12,Vent,33,4114,15,20,16,Épidémie de gastro,33
2022-11-28,Monday,28,November,2022,Automne,Non,12,Vent,52,6663,26,32,26,Aucun,52
2022-11-29,Tuesday,29,November,2022,Automne,Non,12,Vent,42,6925,23,27,19,Aucun,42
2022-11-30,Wednesday,30,November,2022,Automne,Non,11,Frais,38,2786,15,21,15,Épidémie de gastro,38
2022-12-01,Thursday,1,December,2022,Hiver,Non,3,Pluie,56,8032,33,34,28,Aucun,56
2022-12-02,Friday,2,December,2022,Hiver,Non,1,Pluie,54,6051,28,33,27,Aucun,54
2022-12-03,Saturday,3,December,2022,Hiver,Non,0,Neige,44,4971,21,24,21,Épidémie de grippe,44
2022-12-04,Sunday,4,December,2022,Hiver,Non,2,Pluie,43,6113,24,29,19,Épidémie de grippe,43
2022-12-05,Monday,5,December,2022,Hiver,Non,3,Gris,52,8459,28,33,29,Épidémie de grippe,52
2022-12-06,Tuesday,6,December,2022,Hiver,Non,2,Froid,52,6216,26,32,28,Aucun,52
2022-12-07,Wednesday,7,December,2022,Hiver,Non,1,Froid,44,6572,24,29,24,Épidémie de grippe,44
2022-12-08,Thursday,8,December,2022,Hiver,Non,3,Gris,57,5574,24,31,24,Épidémie de grippe,57
2022-12-09,Friday,9,December,2022,Hiver,Non,2,Froid,57,7072,28,36,27,Aucun,57
2022-12-10,Saturday,10,December,2022,Hiver,Non,4,Gris,33,3326,15,18,14,Aucun,33
2022-12-11,Sunday,11,December,2022,Hiver,Non,3,Gris,49,5419,23,29,21,Aucun,49
2022-12-12,Monday,12,December,2022,Hiver,Non,4,Pluie,57,5716,26,34,25,Épidémie de grippe,57
2022-12-13,Tuesday,13,December,2022,Hiver,Non,3,Pluie,47,5195,22,28,21,Épidémie de grippe,47
2022-12-14,Wednesday,14,December,2022,Hiver,Non,3,Froid,35,4769,19,21,14,Aucun,35
2022-12-15,Thursday,15,December,2022,Hiver,Non,0,Neige,59,6431,31,33,28,Aucun,59
2022-12-16,Friday,16,December,2022,Hiver,Non,1,Neige,56,6163,28,33,26,Aucun,56
2022-12-17,Saturday,17,December,2022,Hiver,Non,2,Froid,36,3282,15,21,16,Aucun,36
2022-12-18,Sunday,18,December,2022,Hiver,Non,1,Gris,46,5120,22,27,20,Aucun,46
2022-12-19,Monday,19,December,2022,Hiver,Non,3,Froid,62,7480,32,36,30,Aucun,62
2022-12-20,Tuesday,20,December,2022,Hiver,Non,1,Neige,47,4852,25,26,22,Épidémie de grippe,47
2022-12-21,Wednesday,21,December,2022,Hiver,Non,2,Neige,42,6197,24,26,22,Épidémie de grippe,42
2022-12-22,Thursday,22,December,2022,Hiver,Non,1,Froid,59,8737,30,36,30,Épidémie de grippe,59
2022-12-23,Friday,23,December,2022,Hiver,Non,3,Pluie,60,7834,29,39,29,Épidémie de grippe,60
2022-12-24,Saturday,24,December,2022,Hiver,Non,0,Neige,38,3828,18,22,16,Aucun,38
2022-12-25,Sunday,25,December,2022,Hiver,Oui,2,Pluie,40,4494,20,24,17,Épidémie de grippe,40
2022-12-26,Monday,26,December,2022,Hiver,Non,1,Froid,68,9579,32,44,32,Aucun,68
2022-12-27,Tuesday,27,December,2022,Hiver,Non,3,Gris,48,4187,23,27,20,Épidémie de grippe,48
2022-12-28,Wednesday,28,December,2022,Hiver,Non,1,Froid,38,4757,17,24,20,Aucun,38
2022-12-29,Thursday,29,December,2022,Hiver,Non,2,Froid,58,8384,28,38,32,Épidémie de grippe,58
2022-12-30,Friday,30,December,2022,Hiver,Non,3,Gris,72,9003,38,42,34,Aucun,72
2022-12-31,Saturday,31,December,2022,Hiver,Non,1,Neige,39,4760,18,23,17,Épidémie de grippe,39
2023-01-01,Sunday,1,January,2023,Hiver,Oui,0,Gris,39,4745,19,22,18,Épidémie de grippe,39
2023-01-02,Monday,2,January,2023,Hiver,Non,3,Pluie,56,6087,28,32,27,Aucun,56
2023-01-03,Tuesday,3,January,2023,Hiver,Non,2,Gris,50,8735,29,34,29,Épidémie de grippe,50
2023-01-04,Wednesday,4,January,2023,Hiver,Non,1,Pluie,42,3564,18,23,18,Épidémie de grippe,42
2023-01-05,Thursday,5,January,2023,Hiver,Non,2,Pluie,57,5735,28,33,26,Aucun,57
2023-01-06,Friday,6,January,2023,Hiver,Non,1,Froid,61,7347,30,36,26,Aucun,61
2023-01-07,Saturday,7,January,2023,Hiver,Non,2,Gris,41,4303,22,24,22,Épidémie de grippe,41
2023-01-08,Sunday,8,January,2023,Hiver,Non,1,Pluie,53,5312,26,30,23,Épidémie de grippe,53
2023-01-09,Monday,9,January,2023,Hiver,Non,3,Froid,66,6793,31,38,28,Épidémie de grippe,66
2023-01-10,Tuesday,10,January,2023,Hiver,Non,2,Froid,42,5188,23,24,20,Aucun,42
2023-01-11,Wednesday,11,January,2023,Hiver,Non,2,Pluie,39,3439,20,21,16,Aucun,39
2023-01-12,Thursday,12,January,2023,Hiver,Non,1,Neige,53,7529,29,34,28,Aucun,53
2023-01-13,Friday,13,January,2023,Hiver,Non,-1,Neige,58,8754,32,34,30,Aucun,58
2023-01-14,Saturday,14,January,2023,Hiver,Non,3,Gris,41,2490,16,22,17,Épidémie de grippe,41
2023-01-15,Sunday,15,January,2023,Hiver,Non,-1,Neige,43,4413,20,25,20,Aucun,43
2023-01-16,Monday,16,January,2023,Hiver,Non,1,Neige,67,9716,34,40,32,Aucun,67
2023-01-17,Tuesday,17,January,2023,Hiver,Non,0,Neige,40,4932,20,22,20,Aucun,40
2023-01-18,Wednesday,18,January,2023,Hiver,Non,0,Froid,41,4419,20,26,18,Épidémie de grippe,41
2023-01-19,Thursday,19,January,2023,Hiver,Non,1,Froid,55,6026,26,32,23,Aucun,55
2023-01-20,Friday,20,January,2023,Hiver,Non,4,Pluie,57,7634,30,34,30,Épidémie de grippe,57
2023-01-21,Saturday,21,January,2023,Hiver,Non,1,Neige,45,4825,22,26,22,Aucun,45
2023-01-22,Sunday,22,January,2023,Hiver,Non,3,Pluie,41,3096,16,23,15,Épidémie de grippe,41
2023-01-23,Monday,23,January,2023,Hiver,Non,3,Pluie,60,8332,29,38,28,Épidémie de grippe,60
2023-01-24,Tuesday,24,January,2023,Hiver,Non,3,Gris,44,4049,20,24,20,Épidémie de grippe,44
2023-01-25,Wednesday,25,January,2023,Hiver,Non,3,Pluie,39,3797,20,22,16,Aucun,39
2023-01-26,Thursday,26,January,2023,Hiver,Non,1,Neige,51,7884,27,32,27,Aucun,51
2023-01-27,Friday,27,January,2023,Hiver,Non,1,Froid,63,6591,31,38,28,Aucun,63
2023-01-28,Saturday,28,January,2023,Hiver,Non,0,Neige,42,6255,19,24,24,Aucun,42
2023-01-29,Sunday,29,January,2023,Hiver,Non,3,Pluie,46,5967,23,29,23,Aucun,46
2023-01-30,Monday,30,January,2023,Hiver,Non,2,Froid,58,6810,25,36,30,Aucun,58
2023-01-31,Tuesday,31,January,2023,Hiver,Non,0,Neige,40,3701,20,22,18,Épidémie de grippe,40
2023-02-01,Wednesday,1,February,2023,Hiver,Non,1,Neige,40,5493,22,26,23,Aucun,40
2023-02-02,Thursday,2,February,2023,Hiver,Non,0,Neige,59,5797,29,33,24,Aucun,59
2023-02-03,Friday,3,February,2023,Hiver,Non,3,Froid,57,8078,30,36,30,Épidémie de grippe,57
2023-02-04,Saturday,4,February,2023,Hiver,Non,-1,Neige,44,6772,25,28,24,Aucun,44
2023-02-05,Sunday,5,February,2023,Hiver,Non,2,Gris,44,5121,22,23,20,Aucun,44
2023-02-06,Monday,6,February,2023,Hiver,Non,1,Gris,58,5884,28,37,23,Épidémie de grippe,58
2023-02-07,Tuesday,7,February,2023,Hiver,Non,2,Gris,50,5219,22,28,20,Aucun,50
2023-02-08,Wednesday,8,February,2023,Hiver,Non,0,Neige,41,4991,21,22,20,Aucun,41
2023-02-09,Thursday,9,February,2023,Hiver,Non,1,Gris,57,7814,30,32,30,Épidémie de grippe,57
2023-02-10,Friday,10,February,2023,Hiver,Non,0,Neige,56,3913,22,29,22,Aucun,56
2023-02-11,Saturday,11,February,2023,Hiver,Non,-1,Neige,39,3944,19,25,18,Aucun,39
2023-02-12,Sunday,12,February,2023,Hiver,Non,2,Pluie,44,4247,21,27,19,Aucun,44
2023-02-13,Monday,13,February,2023,Hiver,Non,0,Neige,61,7872,27,36,33,Épidémie de grippe,61
2023-02-14,Tuesday,14,February,2023,Hiver,Non,4,Pluie,40,4737,19,24,18,Épidémie de grippe,40
2023-02-15,Wednesday,15,February,2023,Hiver,Non,5,Pluie,35,4381,19,24,18,Épidémie de grippe,35
2023-02-16,Thursday,16,February,2023,Hiver,Non,2,Neige,52,5713,24,30,22,Aucun,52
2023-02-17,Friday,17,February,2023,Hiver,Non,4,Pluie,61,6123,28,34,28,Aucun,61
2023-02-18,Saturday,18,February,2023,Hiver,Non,2,Neige,44,4249,21,26,18,Aucun,44
2023-02-19,Sunday,19,February,2023,Hiver,Non,1,Pluie,38,3689,20,23,18,Aucun,38
2023-02-20,Monday,20,February,2023,Hiver,Non,1,Pluie,65,7396,30,38,28,Aucun,65
2023-02-21,Tuesday,21,February,2023,Hiver,Non,0,Neige,41,3489,18,22,16,Aucun,41
2023-02-22,Wednesday,22,February,2023,Hiver,Non,1,Neige,41,4062,18,22,18,Épidémie de grippe,41
2023-02-23,Thursday,23,February,2023,Hiver,Non,-1,Neige,55,9498,30,38,32,Aucun,55
2023-02-24,Friday,24,February,2023,Hiver,Non,1,Neige,58,6321,26,34,27,Aucun,58
2023-02-25,Saturday,25,February,2023,Hiver,Non,1,Froid,43,5482,22,26,20,Aucun,43
2023-02-26,Sunday,26,February,2023,Hiver,Non,-1,Neige,42,2929,19,23,17,Épidémie de grippe,42
2023-02-27,Monday,27,February,2023,Hiver,Non,1,Neige,59,7648,30,37,30,Épidémie de grippe,59
2023-02-28,Tuesday,28,February,2023,Hiver,Non,-1,Neige,43,4852,21,26,18,Épidémie de grippe,43
2023-03-01,Wednesday,1,March,2023,Printemps,Non,15,Pluie,27,2052,12,14,10,Aucun,27
2023-03-02,Thursday,2,March,2023,Printemps,Non,15,Doux,41,4853,20,24,18,Pollens allergènes,41
2023-03-03,Friday,3,March,2023,Printemps,Non,16,Doux,38,4471,20,21,18,Pollens allergènes,38
2023-03-04,Saturday,4,March,2023,Printemps,Non,17,Soleil,34,2736,12,19,14,Aucun,34
2023-03-05,Sunday,5,March,2023,Printemps,Non,14,Pluie,29,2766,13,16,13,Aucun,29
2023-03-06,Monday,6,March,2023,Printemps,Non,14,Pluie,45,4988,20,26,22,Aucun,45
2023-03-07,Tuesday,7,March,2023,Printemps,Non,16,Doux,37,5478,18,24,20,Pollens allergènes,37
2023-03-08,Wednesday,8,March,2023,Printemps,Non,14,Pluie,29,2130,12,15,11,Aucun,29
2023-03-09,Thursday,9,March,2023,Printemps,Non,16,Soleil,40,4395,18,23,20,Pollens allergènes,40
2023-03-10,Friday,10,March,2023,Printemps,Non,15,Soleil,43,4519,19,25,20,Aucun,43
2023-03-11,Saturday,11,March,2023,Printemps,Non,14,Doux,32,4745,18,18,17,Aucun,32
2023-03-12,Sunday,12,March,2023,Printemps,Non,13,Pluie,33,5451,17,21,19,Aucun,33
2023-03-13,Monday,13,March,2023,Printemps,Non,15,Pluie,47,6424,24,26,22,Pollens allergènes,47
2023-03-14,Tuesday,14,March,2023,Printemps,Non,15,Pluie,37,4810,20,22,18,Aucun,37
2023-03-15,Wednesday,15,March,2023,Printemps,Non,14,Pluie,30,2542,14,16,14,Pollens allergènes,30
2023-03-16,Thursday,16,March,2023,Printemps,Non,16,Pluie,49,5652,23,28,21,Pollens allergènes,49
2023-03-17,Friday,17,March,2023,Printemps,Non,15,Pluie,46,3943,23,27,18,Aucun,46
2023-03-18,Saturday,18,March,2023,Printemps,Non,14,Soleil,29,4266,14,18,15,Pollens allergènes,29
2023-03-19,Sunday,19,March,2023,Printemps,Non,14,Pluie,30,4333,15,18,15,Pollens allergènes,30
2023-03-20,Monday,20,March,2023,Printemps,Non,14,Soleil,42,4603,21,23,16,Pollens allergènes,42
2023-03-21,Tuesday,21,March,2023,Printemps,Non,15,Soleil,39,5907,20,24,20,Pollens allergènes,39
2023-03-22,Wednesday,22,March,2023,Printemps,Non,15,Doux,30,3396,13,18,14,Aucun,30
2023-03-23,Thursday,23,March,2023,Printemps,Non,16,Soleil,40,4581,20,24,18,Pollens allergènes,40
2023-03-24,Friday,24,March,2023,Printemps,Non,15,Doux,48,5013,21,28,21,Pollens allergènes,48
2023-03-25,Saturday,25,March,2023,Printemps,Non,16,Doux,32,3337,14,18,14,Pollens allergènes,32
2023-03-26,Sunday,26,March,2023,Printemps,Non,14,Pluie,35,4637,17,21,16,Aucun,35
2023-03-27,Monday,27,March,2023,Printemps,Non,15,Soleil,45,4804,21,25,21,Pollens allergènes,45
2023-03-28,Tuesday,28,March,2023,Printemps,Non,15,Soleil,37,4043,17,22,18,Aucun,37
2023-03-29,Wednesday,29,March,2023,Printemps,Non,14,Doux,32,4325,16,19,14,Aucun,32
2023-03-30,Thursday,30,March,2023,Printemps,Non,14,Soleil,44,5766,22,27,20,Aucun,44
2023-03-31,Friday,31,March,2023,Printemps,Non,14,Pluie,46,4723,20,26,19,Aucun,46
2023-04-01,Saturday,1,April,2023,Printemps,Non,14,Soleil,28,2524,13,14,12,Aucun,28
2023-04-02,Sunday,2,April,2023,Printemps,Non,14,Doux,34,4544,16,20,16,Aucun,34
2023-04-03,Monday,3,April,2023,Printemps,Non,16,Doux,50,5706,25,27,22,Pollens allergènes,50
2023-04-04,Tuesday,4,April,2023,Printemps,Non,15,Pluie,36,4224,17,21,18,Pollens allergènes,36
2023-04-05,Wednesday,5,April,2023,Printemps,Non,16,Doux,26,2777,11,14,11,Aucun,26
2023-04-06,Thursday,6,April,2023,Printemps,Non,15,Doux,34,5049,18,21,16,Pollens allergènes,34
2023-04-07,Friday,7,April,2023,Printemps,Non,15,Soleil,42,5809,22,25,21,Pollens allergènes,42
2023-04-08,Saturday,8,April,2023,Printemps,Non,15,Doux,32,4371,16,18,16,Pollens allergènes,32
2023-04-09,Sunday,9,April,2023,Printemps,Non,14,Pluie,34,3932,16,20,15,Pollens allergènes,34
2023-04-10,Monday,10,April,2023,Printemps,Oui,15,Doux,40,4767,20,22,18,Aucun,40
2023-04-11,Tuesday,11,April,2023,Printemps,Non,15,Soleil,35,4472,16,22,16,Aucun,35
2023-04-12,Wednesday,12,April,2023,Printemps,Non,17,Soleil,31,4408,17,19,15,Pollens allergènes,31
2023-04-13,Thursday,13,April,2023,Printemps,Non,14,Pluie,38,4520,18,22,17,Aucun,38
2023-04-14,Friday,14,April,2023,Printemps,Non,15,Pluie,43,4630,17,25,18,Aucun,43
2023-04-15,Saturday,15,April,2023,Printemps,Non,16,Pluie,32,3283,14,18,15,Aucun,32
2023-04-16,Sunday,16,April,2023,Printemps,Non,16,Soleil,32,3707,14,18,14,Aucun,32
2023-04-17,Monday,17,April,2023,Printemps,Non,15,Soleil,52,5226,22,30,23,Pollens allergènes,52
2023-04-18,Tuesday,18,April,2023,Printemps,Non,16,Soleil,31,4610,17,18,16,Aucun,31
2023-04-19,Wednesday,19,April,2023,Printemps,Non,15,Doux,33,5059,17,20,17,Aucun,33
2023-04-20,Thursday,20,April,2023,Printemps,Non,15,Doux,43,5365,22,26,22,Aucun,43
2023-04-21,Friday,21,April,2023,Printemps,Non,17,Doux,38,3850,18,21,18,Aucun,38
2023-04-22,Saturday,22,April,2023,Printemps,Non,15,Doux,33,4645,16,20,15,Pollens allergènes,33
2023-04-23,Sunday,23,April,2023,Printemps,Non,17,Doux,28,3804,13,17,14,Pollens allergènes,28
2023-04-24,Monday,24,April,2023,Printemps,Non,16,Doux,40,3732,19,22,17,Aucun,40
2023-04-25,Tuesday,25,April,2023,Printemps,Non,16,Soleil,34,4756,19,21,16,Pollens allergènes,34
2023-04-26,Wednesday,26,April,2023,Printemps,Non,15,Soleil,29,3177,14,17,12,Pollens allergènes,29
2023-04-27,Thursday,27,April,2023,Printemps,Non,14,Pluie,36,4666,17,22,17,Pollens allergènes,36
2023-04-28,Friday,28,April,2023,Printemps,Non,15,Pluie,37,4859,18,24,18,Aucun,37
2023-04-29,Saturday,29,April,2023,Printemps,Non,15,Doux,35,3946,16,20,16,Aucun,35
2023-04-30,Sunday,30,April,2023,Printemps,Non,16,Soleil,27,4836,14,16,14,Pollens allergènes,27
2023-05-01,Monday,1,May,2023,Printemps,Oui,15,Soleil,47,6014,23,28,21,Aucun,47
2023-05-02,Tuesday,2,May,2023,Printemps,Non,16,Doux,33,3553,16,20,15,Pollens allergènes,33
2023-05-03,Wednesday,3,May,2023,Printemps,Non,15,Pluie,32,2898,14,18,14,Aucun,32
2023-05-04,Thursday,4,May,2023,Printemps,Non,16,Doux,36,4619,18,22,19,Aucun,36
2023-05-05,Friday,5,May,2023,Printemps,Non,15,Soleil,41,4672,18,23,18,Aucun,41
2023-05-06,Saturday,6,May,2023,Printemps,Non,15,Pluie,33,3401,16,19,13,Pollens allergènes,33
2023-05-07,Sunday,7,May,2023,Printemps,Non,14,Soleil,34,3866,18,19,16,Pollens allergènes,34
2023-05-08,Monday,8,May,2023,Printemps,Oui,15,Pluie,45,4760,21,26,18,Aucun,45
2023-05-09,Tuesday,9,May,2023,Printemps,Non,15,Doux,37,4016,18,20,16,Aucun,37
2023-05-10,Wednesday,10,May,2023,Printemps,Non,16,Pluie,28,3051,12,16,13,Aucun,28
2023-05-11,Thursday,11,May,2023,Printemps,Non,17,Doux,40,4702,20,24,18,Aucun,40
2023-05-12,Friday,12,May,2023,Printemps,Non,13,Pluie,44,5174,22,24,21,Aucun,44
2023-05-13,Saturday,13,May,2023,Printemps,Non,15,Soleil,31,2579,12,17,12,Pollens allergènes,31
2023-05-14,Sunday,14,May,2023,Printemps,Non,14,Pluie,32,3616,16,18,14,Aucun,32
2023-05-15,Monday,15,May,2023,Printemps,Non,15,Doux,50,4409,22,27,20,Pollens allergènes,50
2023-05-16,Tuesday,16,May,2023,Printemps,Non,16,Soleil,36,4339,19,20,18,Aucun,36
2023-05-17,Wednesday,17,May,2023,Printemps,Non,15,Doux,31,3996,16,18,15,Pollens allergènes,31
2023-05-18,Thursday,18,May,2023,Printemps,Oui,15,Doux,47,6570,24,28,21,Aucun,47
2023-05-19,Friday,19,May,2023,Printemps,Non,14,Pluie,51,7407,28,32,25,Pollens allergènes,51
2023-05-20,Saturday,20,May,2023,Printemps,Non,16,Doux,31,4476,16,19,14,Aucun,31
2023-05-21,Sunday,21,May,2023,Printemps,Non,16,Soleil,31,4510,18,18,16,Pollens allergènes,31
2023-05-22,Monday,22,May,2023,Printemps,Non,14,Pluie,48,5214,22,28,20,Pollens allergènes,48
2023-05-23,Tuesday,23,May,2023,Printemps,Non,15,Soleil,32,4559,14,19,14,Aucun,32
2023-05-24,Wednesday,24,May,2023,Printemps,Non,12,Pluie,27,2606,12,16,13,Aucun,27
2023-05-25,Thursday,25,May,2023,Printemps,Non,14,Pluie,39,4670,19,23,18,Aucun,39
2023-05-26,Friday,26,May,2023,Printemps,Non,15,Pluie,41,5744,22,26,21,Pollens allergènes,41
2023-05-27,Saturday,27,May,2023,Printemps,Non,15,Soleil,32,2581,12,17,12,Aucun,32
2023-05-28,Sunday,28,May,2023,Printemps,Non,15,Doux,30,4550,16,18,15,Pollens allergènes,30
2023-05-29,Monday,29,May,2023,Printemps,Oui,14,Pluie,46,4129,22,25,22,Aucun,46
2023-05-30,Tuesday,30,May,2023,Printemps,Non,15,Soleil,34,3325,15,18,15,Aucun,34
2023-05-31,Wednesday,31,May,2023,Printemps,Non,16,Soleil,30,5128,16,18,14,Aucun,30
2023-06-01,Thursday,1,June,2023,Été,Non,28,Canicule,62,6721,22,33,20,Canicule,62
2023-06-02,Friday,2,June,2023,Été,Non,27,Canicule,73,8563,26,39,25,Aucun,73
2023-06-03,Saturday,3,June,2023,Été,Non,30,Canicule,51,5029,18,28,16,Aucun,51
2023-06-04,Sunday,4,June,2023,Été,Non,27,Soleil,53,6115,17,28,18,Aucun,53
2023-06-05,Monday,5,June,2023,Été,Non,27,Soleil,70,8118,24,38,23,Canicule,70
2023-06-06,Tuesday,6,June,2023,Été,Non,29,Canicule,57,6938,20,30,18,Aucun,57
2023-06-07,Wednesday,7,June,2023,Été,Non,29,Canicule,49,4897,16,25,16,Canicule,49
2023-06-08,Thursday,8,June,2023,Été,Non,27,Chaleur,58,7231,19,33,20,Canicule,58
2023-06-09,Friday,9,June,2023,Été,Non,28,Chaleur,68,9089,24,37,24,Aucun,68
2023-06-10,Saturday,10,June,2023,Été,Non,26,Chaleur,46,4463,14,24,12,Canicule,46
2023-06-11,Sunday,11,June,2023,Été,Non,29,Canicule,46,4651,14,26,15,Aucun,46
2023-06-12,Monday,12,June,2023,Été,Non,27,Soleil,71,7963,24,38,22,Canicule,71
2023-06-13,Tuesday,13,June,2023,Été,Non,26,Chaleur,55,5017,16,29,17,Aucun,55
2023-06-14,Wednesday,14,June,2023,Été,Non,27,Soleil,44,5979,14,23,14,Canicule,44
2023-06-15,Thursday,15,June,2023,Été,Non,28,Soleil,64,7167,21,36,21,Canicule,64
2023-06-16,Friday,16,June,2023,Été,Non,27,Chaleur,58,7097,19,32,21,Canicule,58
2023-06-17,Saturday,17,June,2023,Été,Non,29,Soleil,51,6315,16,29,19,Canicule,51
2023-06-18,Sunday,18,June,2023,Été,Non,29,Canicule,45,3804,13,23,13,Canicule,45
2023-06-19,Monday,19,June,2023,Été,Non,26,Soleil,73,9380,25,39,26,Canicule,73
2023-06-20,Tuesday,20,June,2023,Été,Non,30,Canicule,64,7521,20,34,20,Aucun,64
2023-06-21,Wednesday,21,June,2023,Été,Non,27,Canicule,47,8400,18,27,19,Canicule,47
2023-06-22,Thursday,22,June,2023,Été,Non,30,Canicule,78,8877,23,41,26,Canicule,78
2023-06-23,Friday,23,June,2023,Été,Non,28,Chaleur,72,6734,21,38,22,Aucun,72
2023-06-24,Saturday,24,June,2023,Été,Non,28,Chaleur,42,5510,14,23,14,Canicule,42
2023-06-25,Sunday,25,June,2023,Été,Non,27,Soleil,55,6600,17,29,18,Aucun,55
2023-06-26,Monday,26,June,2023,Été,Non,25,Soleil,73,8385,24,40,24,Aucun,73
2023-06-27,Tuesday,27,June,2023,Été,Non,28,Chaleur,52,6262,17,27,17,Aucun,52
2023-06-28,Wednesday,28,June,2023,Été,Non,28,Chaleur,43,5722,14,24,15,Canicule,43
2023-06-29,Thursday,29,June,2023,Été,Non,28,Chaleur,58,6964,18,30,20,Canicule,58
2023-06-30,Friday,30,June,2023,Été,Non,28,Canicule,74,10019,27,39,24,Aucun,74
2023-07-01,Saturday,1,July,2023,Été,Non,26,Chaleur,51,5669,15,26,15,Aucun,51
2023-07-02,Sunday,2,July,2023,Été,Non,28,Chaleur,49,6272,18,26,16,Aucun,49
2023-07-03,Monday,3,July,2023,Été,Non,27,Chaleur,63,5911,18,33,20,Aucun,63
2023-07-04,Tuesday,4,July,2023,Été,Non,28,Soleil,55,8385,20,32,20,Aucun,55
2023-07-05,Wednesday,5,July,2023,Été,Non,29,Canicule,46,4800,16,24,14,Aucun,46
2023-07-06,Thursday,6,July,2023,Été,Non,27,Soleil,61,6686,19,31,20,Canicule,61
2023-07-07,Friday,7,July,2023,Été,Non,26,Soleil,65,9767,24,36,23,Aucun,65
2023-07-08,Saturday,8,July,2023,Été,Non,27,Chaleur,53,6922,19,28,19,Aucun,53
2023-07-09,Sunday,9,July,2023,Été,Non,28,Chaleur,50,5898,15,28,18,Canicule,50
2023-07-10,Monday,10,July,2023,Été,Non,26,Chaleur,75,9917,26,41,27,Aucun,75
2023-07-11,Tuesday,11,July,2023,Été,Non,28,Canicule,50,5082,16,26,15,Aucun,50
2023-07-12,Wednesday,12,July,2023,Été,Non,26,Soleil,48,5133,14,25,14,Aucun,48
2023-07-13,Thursday,13,July,2023,Été,Non,26,Soleil,63,8699,23,33,22,Canicule,63
2023-07-14,Friday,14,July,2023,Été,Oui,28,Canicule,68,5577,20,36,19,Canicule,68
2023-07-15,Saturday,15,July,2023,Été,Non,29,Chaleur,47,4414,15,24,16,Aucun,47
2023-07-16,Sunday,16,July,2023,Été,Non,27,Canicule,47,4919,14,25,15,Aucun,47
2023-07-17,Monday,17,July,2023,Été,Non,27,Soleil,74,7556,24,40,23,Canicule,74
2023-07-18,Tuesday,18,July,2023,Été,Non,28,Chaleur,51,5259,15,28,17,Aucun,51
2023-07-19,Wednesday,19,July,2023,Été,Non,27,Chaleur,45,5275,15,24,15,Canicule,45
2023-07-20,Thursday,20,July,2023,Été,Non,26,Soleil,61,5705,20,34,18,Aucun,61
2023-07-21,Friday,21,July,2023,Été,Non,27,Chaleur,72,6911,21,38,22,Canicule,72
2023-07-22,Saturday,22,July,2023,Été,Non,28,Soleil,43,5202,15,22,14,Aucun,43
2023-07-23,Sunday,23,July,2023,Été,Non,30,Canicule,50,7031,18,28,16,Canicule,50
2023-07-24,Monday,24,July,2023,Été,Non,28,Canicule,62,6518,21,32,18,Canicule,62
2023-07-25,Tuesday,25,July,2023,Été,Non,27,Soleil,55,7733,19,30,17,Aucun,55
2023-07-26,Wednesday,26,July,2023,Été,Non,27,Chaleur,49,6079,17,26,17,Canicule,49
2023-07-27,Thursday,27,July,2023,Été,Non,28,Canicule,66,6163,22,36,20,Canicule,66
2023-07-28,Friday,28,July,2023,Été,Non,27,Soleil,68,8244,22,37,22,Canicule,68
2023-07-29,Saturday,29,July,2023,Été,Non,26,Soleil,47,6925,16,26,18,Aucun,47
2023-07-30,Sunday,30,July,2023,Été,Non,29,Canicule,49,6635,17,27,18,Aucun,49
2023-07-31,Monday,31,July,2023,Été,Non,26,Chaleur,68,8872,25,36,22,Canicule,68
2023-08-01,Tuesday,1,August,2023,Été,Non,27,Canicule,51,6660,17,28,18,Canicule,51
2023-08-02,Wednesday,2,August,2023,Été,Non,27,Canicule,50,6000,18,28,18,Aucun,50
2023-08-03,Thursday,3,August,2023,Été,Non,26,Soleil,55,8076,18,30,18,Canicule,55
2023-08-04,Friday,4,August,2023,Été,Non,26,Soleil,65,6665,22,35,21,Aucun,65
2023-08-05,Saturday,5,August,2023,Été,Non,26,Chaleur,51,3522,15,27,15,Canicule,51
2023-08-06,Sunday,6,August,2023,Été,Non,28,Canicule,54,5669,16,30,16,Canicule,54
2023-08-07,Monday,7,August,2023,Été,Non,28,Chaleur,64,6903,22,34,20,Canicule,64
2023-08-08,Tuesday,8,August,2023,Été,Non,29,Canicule,62,6512,19,32,19,Aucun,62
2023-08-09,Wednesday,9,August,2023,Été,Non,26,Soleil,50,5697,15,28,16,Aucun,50
2023-08-10,Thursday,10,August,2023,Été,Non,28,Soleil,62,6177,20,31,20,Aucun,62
2023-08-11,Friday,11,August,2023,Été,Non,29,Canicule,65,5846,20,35,18,Canicule,65
2023-08-12,Saturday,12,August,2023,Été,Non,27,Chaleur,46,5739,16,25,16,Canicule,46
2023-08-13,Sunday,13,August,2023,Été,Non,27,Canicule,59,6943,19,32,18,Canicule,59
2023-08-14,Monday,14,August,2023,Été,Non,27,Canicule,64,6049,20,34,20,Aucun,64
2023-08-15,Tuesday,15,August,2023,Été,Oui,27,Soleil,52,7824,20,28,18,Canicule,52
2023-08-16,Wednesday,16,August,2023,Été,Non,28,Canicule,50,6906,18,27,16,Canicule,50
2023-08-17,Thursday,17,August,2023,Été,Non,28,Canicule,64,8328,23,35,23,Canicule,64
2023-08-18,Friday,18,August,2023,Été,Non,30,Canicule,65,6560,18,34,20,Canicule,65
2023-08-19,Saturday,19,August,2023,Été,Non,27,Chaleur,50,4035,14,26,14,Canicule,50
2023-08-20,Sunday,20,August,2023,Été,Non,30,Canicule,50,6498,16,27,17,Aucun,50
2023-08-21,Monday,21,August,2023,Été,Non,28,Chaleur,67,8055,21,36,22,Canicule,67
2023-08-22,Tuesday,22,August,2023,Été,Non,28,Canicule,53,6505,18,29,17,Aucun,53
2023-08-23,Wednesday,23,August,2023,Été,Non,27,Soleil,49,5402,15,26,16,Canicule,49
2023-08-24,Thursday,24,August,2023,Été,Non,28,Canicule,62,7544,22,33,22,Canicule,62
2023-08-25,Friday,25,August,2023,Été,Non,27,Soleil,70,7488,23,38,22,Canicule,70
2023-08-26,Saturday,26,August,2023,Été,Non,26,Soleil,48,6023,16,26,16,Aucun,48
2023-08-27,Sunday,27,August,2023,Été,Non,28,Canicule,53,3915,16,28,16,Aucun,53
2023-08-28,Monday,28,August,2023,Été,Non,26,Soleil,71,9822,25,38,23,Aucun,71
2023-08-29,Tuesday,29,August,2023,Été,Non,26,Soleil,56,7849,19,30,20,Aucun,56
2023-08-30,Wednesday,30,August,2023,Été,Non,29,Canicule,50,5711,17,27,16,Canicule,50
2023-08-31,Thursday,31,August,2023,Été,Non,27,Soleil,70,12292,27,40,27,Canicule,70
2023-09-01,Friday,1,September,2023,Automne,Non,11,Frais,50,6600,25,29,22,Aucun,50
2023-09-02,Saturday,2,September,2023,Automne,Non,12,Vent,30,5056,16,18,16,Aucun,30
2023-09-03,Sunday,3,September,2023,Automne,Non,12,Pluie,34,3811,16,20,14,Aucun,34
2023-09-04,Monday,4,September,2023,Automne,Non,12,Frais,52,6679,28,31,26,Épidémie de gastro,52
2023-09-05,Tuesday,5,September,2023,Automne,Non,11,Frais,39,3772,20,23,18,Aucun,39
2023-09-06,Wednesday,6,September,2023,Automne,Non,11,Frais,36,4200,17,21,16,Aucun,36
2023-09-07,Thursday,7,September,2023,Automne,Non,12,Frais,50,5065,26,30,22,Aucun,50
2023-09-08,Friday,8,September,2023,Automne,Non,12,Frais,40,6175,20,23,21,Épidémie de gastro,40
2023-09-09,Saturday,9,September,2023,Automne,Non,11,Frais,34,1873,13,18,12,Aucun,34
2023-09-10,Sunday,10,September,2023,Automne,Non,13,Frais,38,3971,18,20,18,Épidémie de gastro,38
2023-09-11,Monday,11,September,2023,Automne,Non,12,Vent,50,6087,24,30,24,Épidémie de gastro,50
2023-09-12,Tuesday,12,September,2023,Automne,Non,12,Pluie,40,4742,18,24,18,Aucun,40
2023-09-13,Wednesday,13,September,2023,Automne,Non,12,Pluie,31,3094,16,17,14,Aucun,31
2023-09-14,Thursday,14,September,2023,Automne,Non,11,Frais,47,3860,21,26,20,Aucun,47
2023-09-15,Friday,15,September,2023,Automne,Non,12,Frais,54,7066,28,32,24,Aucun,54
2023-09-16,Saturday,16,September,2023,Automne,Non,12,Vent,41,5664,20,25,21,Aucun,41
2023-09-17,Sunday,17,September,2023,Automne,Non,11,Frais,41,4649,19,24,19,Épidémie de gastro,41
2023-09-18,Monday,18,September,2023,Automne,Non,11,Pluie,46,4388,18,26,18,Épidémie de gastro,46
2023-09-19,Tuesday,19,September,2023,Automne,Non,13,Vent,39,4210,21,22,18,Épidémie de gastro,39
2023-09-20,Wednesday,20,September,2023,Automne,Non,13,Vent,37,2054,15,19,15,Aucun,37
2023-09-21,Thursday,21,September,2023,Automne,Non,11,Pluie,45,6343,24,26,22,Aucun,45
2023-09-22,Friday,22,September,2023,Automne,Non,12,Frais,53,6870,27,30,25,Aucun,53
2023-09-23,Saturday,23,September,2023,Automne,Non,12,Frais,37,4625,19,21,17,Épidémie de gastro,37
2023-09-24,Sunday,24,September,2023,Automne,Non,12,Vent,36,2933,16,20,14,Aucun,36
2023-09-25,Monday,25,September,2023,Automne,Non,11,Pluie,46,5687,20,26,22,Épidémie de gastro,46
2023-09-26,Tuesday,26,September,2023,Automne,Non,12,Vent,34,2502,13,18,13,Aucun,34
2023-09-27,Wednesday,27,September,2023,Automne,Non,11,Pluie,33,4451,18,20,17,Épidémie de gastro,33
2023-09-28,Thursday,28,September,2023,Automne,Non,11,Frais,42,4500,21,24,17,Aucun,42
2023-09-29,Friday,29,September,2023,Automne,Non,11,Frais,47,5707,22,27,22,Aucun,47
2023-09-30,Saturday,30,September,2023,Automne,Non,12,Vent,38,4616,19,21,17,Épidémie de gastro,38
2023-10-01,Sunday,1,October,2023,Automne,Non,12,Pluie,37,4317,20,22,18,Aucun,37
2023-10-02,Monday,2,October,2023,Automne,Non,12,Vent,57,9690,30,36,29,Épidémie de gastro,57
2023-10-03,Tuesday,3,October,2023,Automne,Non,12,Frais,36,4099,18,21,17,Épidémie de gastro,36
2023-10-04,Wednesday,4,October,2023,Automne,Non,12,Pluie,29,3167,14,16,12,Aucun,29
2023-10-05,Thursday,5,October,2023,Automne,Non,11,Pluie,45,5249,22,26,21,Épidémie de gastro,45
2023-10-06,Friday,6,October,2023,Automne,Non,12,Vent,51,7399,26,31,28,Aucun,51
2023-10-07,Saturday,7,October,2023,Automne,Non,12,Pluie,37,4853,18,22,18,Épidémie de gastro,37
2023-10-08,Sunday,8,October,2023,Automne,Non,12,Pluie,34,4273,16,20,15,Aucun,34
2023-10-09,Monday,9,October,2023,Automne,Non,12,Frais,54,7223,27,33,26,Épidémie de gastro,54
2023-10-10,Tuesday,10,October,2023,Automne,Non,12,Frais,38,4049,18,23,16,Épidémie de gastro,38
2023-10-11,Wednesday,11,October,2023,Automne,Non,12,Frais,39,4173,18,21,16,Épidémie de gastro,39
2023-10-12,Thursday,12,October,2023,Automne,Non,11,Pluie,46,5470,22,26,23,Aucun,46
2023-10-13,Friday,13,October,2023,Automne,Non,12,Frais,51,6329,25,32,23,Aucun,51
2023-10-14,Saturday,14,October,2023,Automne,Non,13,Vent,35,4034,18,20,16,Épidémie de gastro,35
2023-10-15,Sunday,15,October,2023,Automne,Non,11,Frais,39,3822,17,22,16,Aucun,39
2023-10-16,Monday,16,October,2023,Automne,Non,13,Vent,51,6227,25,30,23,Aucun,51
2023-10-17,Tuesday,17,October,2023,Automne,Non,12,Frais,37,5181,21,24,19,Épidémie de gastro,37
2023-10-18,Wednesday,18,October,2023,Automne,Non,13,Vent,38,4861,18,21,18,Aucun,38
2023-10-19,Thursday,19,October,2023,Automne,Non,12,Frais,41,4704,19,24,19,Épidémie de gastro,41
2023-10-20,Friday,20,October,2023,Automne,Non,12,Vent,57,7666,28,33,28,Aucun,57
2023-10-21,Saturday,21,October,2023,Automne,Non,11,Pluie,41,5241,18,24,20,Épidémie de gastro,41
2023-10-22,Sunday,22,October,2023,Automne,Non,12,Frais,35,3467,16,20,16,Aucun,35
2023-10-23,Monday,23,October,2023,Automne,Non,12,Frais,53,7025,28,32,26,Épidémie de gastro,53
2023-10-24,Tuesday,24,October,2023,Automne,Non,11,Frais,39,4145,18,22,16,Aucun,39
2023-10-25,Wednesday,25,October,2023,Automne,Non,12,Frais,32,3015,16,19,14,Aucun,32
2023-10-26,Thursday,26,October,2023,Automne,Non,11,Frais,39,5429,19,23,18,Épidémie de gastro,39
2023-10-27,Friday,27,October,2023,Automne,Non,12,Frais,55,7634,28,32,28,Aucun,55
2023-10-28,Saturday,28,October,2023,Automne,Non,11,Pluie,37,2925,17,20,13,Aucun,37
2023-10-29,Sunday,29,October,2023,Automne,Non,11,Frais,37,4742,19,22,18,Aucun,37
2023-10-30,Monday,30,October,2023,Automne,Non,13,Vent,45,6528,22,28,24,Épidémie de gastro,45
2023-10-31,Tuesday,31,October,2023,Automne,Non,11,Frais,38,5479,20,22,18,Épidémie de gastro,38
2023-11-01,Wednesday,1,November,2023,Automne,Oui,12,Pluie,36,5289,20,22,16,Aucun,36
2023-11-02,Thursday,2,November,2023,Automne,Non,12,Pluie,46,5171,22,26,21,Aucun,46
2023-11-03,Friday,3,November,2023,Automne,Non,11,Pluie,47,4276,22,27,20,Aucun,47
2023-11-04,Saturday,4,November,2023,Automne,Non,11,Pluie,33,3908,17,20,16,Aucun,33
2023-11-05,Sunday,5,November,2023,Automne,Non,11,Pluie,35,5041,19,21,16,Épidémie de gastro,35
2023-11-06,Monday,6,November,2023,Automne,Non,12,Frais,48,6855,25,30,24,Aucun,48
2023-11-07,Tuesday,7,November,2023,Automne,Non,11,Pluie,39,3876,17,22,16,Épidémie de gastro,39
2023-11-08,Wednesday,8,November,2023,Automne,Non,12,Frais,38,6610,24,24,19,Aucun,38
2023-11-09,Thursday,9,November,2023,Automne,Non,12,Vent,49,4667,24,26,19,Aucun,49
2023-11-10,Friday,10,November,2023,Automne,Non,12,Vent,47,4393,20,26,19,Aucun,47
2023-11-11,Saturday,11,November,2023,Automne,Oui,13,Vent,35,4348,18,20,16,Épidémie de gastro,35
2023-11-12,Sunday,12,November,2023,Automne,Non,12,Frais,32,2439,14,17,13,Aucun,32
2023-11-13,Monday,13,November,2023,Automne,Non,12,Pluie,56,5944,25,33,24,Aucun,56
2023-11-14,Tuesday,14,November,2023,Automne,Non,12,Frais,39,3654,17,22,18,Aucun,39
2023-11-15,Wednesday,15,November,2023,Automne,Non,12,Frais,36,3280,15,20,16,Aucun,36
2023-11-16,Thursday,16,November,2023,Automne,Non,11,Vent,49,5701,22,27,23,Aucun,49
2023-11-17,Friday,17,November,2023,Automne,Non,12,Frais,41,4917,21,23,18,Épidémie de gastro,41
2023-11-18,Saturday,18,November,2023,Automne,Non,12,Frais,34,4222,17,20,13,Épidémie de gastro,34
2023-11-19,Sunday,19,November,2023,Automne,Non,13,Vent,32,4161,16,20,16,Aucun,32
2023-11-20,Monday,20,November,2023,Automne,Non,11,Pluie,55,6187,25,31,25,Aucun,55
2023-11-21,Tuesday,21,November,2023,Automne,Non,12,Frais,39,4563,16,22,17,Aucun,39
2023-11-22,Wednesday,22,November,2023,Automne,Non,12,Pluie,36,3511,16,20,16,Aucun,36
2023-11-23,Thursday,23,November,2023,Automne,Non,12,Vent,47,5882,24,29,24,Épidémie de gastro,47
2023-11-24,Friday,24,November,2023,Automne,Non,11,Frais,49,6521,25,30,22,Épidémie de gastro,49
2023-11-25,Saturday,25,November,2023,Automne,Non,12,Frais,33,4000,14,18,14,Aucun,33
2023-11-26,Sunday,26,November,2023,Automne,Non,11,Vent,36,5159,19,23,20,Aucun,36
2023-11-27,Monday,27,November,2023,Automne,Non,12,Pluie,53,5599,24,28,21,Épidémie de gastro,53
2023-11-28,Tuesday,28,November,2023,Automne,Non,13,Frais,39,5553,22,24,22,Aucun,39
2023-11-29,Wednesday,29,November,2023,Automne,Non,12,Pluie,32,5034,18,20,15,Aucun,32
2023-11-30,Thursday,30,November,2023,Automne,Non,12,Vent,42,5820,24,24,19,Aucun,42
2023-12-01,Friday,1,December,2023,Hiver,Non,1,Froid,59,7316,28,34,27,Épidémie de grippe,59
2023-12-02,Saturday,2,December,2023,Hiver,Non,-1,Neige,42,6813,22,27,24,Aucun,42
2023-12-03,Sunday,3,December,2023,Hiver,Non,2,Froid,43,2979,18,22,16,Aucun,43
2023-12-04,Monday,4,December,2023,Hiver,Non,3,Gris,56,5600,25,35,22,Épidémie de grippe,56
2023-12-05,Tuesday,5,December,2023,Hiver,Non,2,Froid,54,7476,28,34,28,Aucun,54
2023-12-06,Wednesday,6,December,2023,Hiver,Non,3,Gris,39,4219,20,22,18,Aucun,39
2023-12-07,Thursday,7,December,2023,Hiver,Non,2,Gris,59,7563,30,35,30,Aucun,59
2023-12-08,Friday,8,December,2023,Hiver,Non,0,Froid,63,6754,32,36,26,Aucun,63
2023-12-09,Saturday,9,December,2023,Hiver,Non,1,Neige,47,4444,22,29,20,Épidémie de grippe,47
2023-12-10,Sunday,10,December,2023,Hiver,Non,2,Gris,41,4112,22,24,17,Épidémie de grippe,41
2023-12-11,Monday,11,December,2023,Hiver,Non,1,Froid,58,7033,27,34,28,Aucun,58
2023-12-12,Tuesday,12,December,2023,Hiver,Non,1,Froid,48,6149,26,30,23,Épidémie de grippe,48
2023-12-13,Wednesday,13,December,2023,Hiver,Non,0,Neige,44,4274,22,26,20,Épidémie de grippe,44
2023-12-14,Thursday,14,December,2023,Hiver,Non,2,Pluie,56,8340,30,34,27,Épidémie de grippe,56
2023-12-15,Friday,15,December,2023,Hiver,Non,3,Pluie,57,5917,25,34,24,Épidémie de grippe,57
2023-12-16,Saturday,16,December,2023,Hiver,Non,-1,Froid,42,6107,24,27,22,Aucun,42
2023-12-17,Sunday,17,December,2023,Hiver,Non,0,Neige,45,5378,24,25,24,Épidémie de grippe,45
2023-12-18,Monday,18,December,2023,Hiver,Non,1,Neige,56,5049,26,31,26,Épidémie de grippe,56
2023-12-19,Tuesday,19,December,2023,Hiver,Non,0,Neige,44,6201,22,28,21,Aucun,44
2023-12-20,Wednesday,20,December,2023,Hiver,Non,2,Froid,40,4065,18,23,16,Épidémie de grippe,40
2023-12-21,Thursday,21,December,2023,Hiver,Non,3,Froid,62,7934,30,37,30,Épidémie de grippe,62
2023-12-22,Friday,22,December,2023,Hiver,Non,3,Froid,62,6124,30,36,26,Aucun,62
2023-12-23,Saturday,23,December,2023,Hiver,Non,2,Gris,46,5988,23,28,24,Aucun,46
2023-12-24,Sunday,24,December,2023,Hiver,Non,2,Gris,44,6315,22,28,22,Épidémie de grippe,44
2023-12-25,Monday,25,December,2023,Hiver,Oui,3,Pluie,57,8699,29,34,31,Épidémie de grippe,57
2023-12-26,Tuesday,26,December,2023,Hiver,Non,2,Pluie,41,4096,22,21,19,Épidémie de grippe,41
2023-12-27,Wednesday,27,December,2023,Hiver,Non,3,Froid,40,3692,16,21,16,Aucun,40
2023-12-28,Thursday,28,December,2023,Hiver,Non,2,Froid,62,9745,35,39,33,Aucun,62
2023-12-29,Friday,29,December,2023,Hiver,Non,1,Froid,56,6503,28,31,28,Aucun,56
2023-12-30,Saturday,30,December,2023,Hiver,Non,0,Neige,41,4041,19,23,17,Aucun,41
2023-12-31,Sunday,31,December,2023,Hiver,Non,3,Pluie,43,3995,20,24,21,Épidémie de grippe,43
2024-01-01,Monday,1,January,2024,Hiver,Oui,3,Pluie,60,6778,31,35,26,Aucun,60
2024-01-02,Tuesday,2,January,2024,Hiver,Non,2,Pluie,53,6295,26,34,24,Épidémie de grippe,53
2024-01-03,Wednesday,3,January,2024,Hiver,Non,5,Pluie,37,4276,16,21,16,Aucun,37
2024-01-04,Thursday,4,January,2024,Hiver,Non,-1,Neige,55,5570,25,33,26,Épidémie de grippe,55
2024-01-05,Friday,5,January,2024,Hiver,Non,2,Pluie,65,5533,29,36,26,Épidémie de grippe,65
2024-01-06,Saturday,6,January,2024,Hiver,Non,2,Gris,45,5142,24,25,19,Épidémie de grippe,45
2024-01-07,Sunday,7,January,2024,Hiver,Non,2,Froid,44,5412,22,26,20,Aucun,44
2024-01-08,Monday,8,January,2024,Hiver,Non,3,Froid,60,6945,30,35,27,Épidémie de grippe,60
2024-01-09,Tuesday,9,January,2024,Hiver,Non,2,Froid,51,4923,22,30,25,Épidémie de grippe,51
2024-01-10,Wednesday,10,January,2024,Hiver,Non,3,Gris,34,5510,20,22,19,Épidémie de grippe,34
2024-01-11,Thursday,11,January,2024,Hiver,Non,1,Neige,54,6694,32,33,26,Aucun,54
2024-01-12,Friday,12,January,2024,Hiver,Non,0,Froid,54,5904,27,31,22,Épidémie de grippe,54
2024-01-13,Saturday,13,January,2024,Hiver,Non,3,Pluie,42,7359,25,28,22,Aucun,42
2024-01-14,Sunday,14,January,2024,Hiver,Non,1,Gris,44,6275,23,27,23,Aucun,44
2024-01-15,Monday,15,January,2024,Hiver,Non,2,Froid,61,7942,29,37,31,Aucun,61
2024-01-16,Tuesday,16,January,2024,Hiver,Non,2,Gris,45,5299,21,28,22,Aucun,45
2024-01-17,Wednesday,17,January,2024,Hiver,Non,2,Gris,34,2798,16,19,14,Aucun,34
2024-01-18,Thursday,18,January,2024,Hiver,Non,4,Gris,52,5477,22,32,20,Aucun,52
2024-01-19,Friday,19,January,2024,Hiver,Non,4,Pluie,56,6283,26,33,25,Épidémie de grippe,56
2024-01-20,Saturday,20,January,2024,Hiver,Non,-1,Neige,49,4519,24,28,22,Aucun,49
2024-01-21,Sunday,21,January,2024,Hiver,Non,3,Pluie,44,4689,20,26,20,Aucun,44
2024-01-22,Monday,22,January,2024,Hiver,Non,2,Froid,65,7230,31,38,29,Aucun,65
2024-01-23,Tuesday,23,January,2024,Hiver,Non,1,Froid,45,4763,22,25,20,Épidémie de grippe,45
2024-01-24,Wednesday,24,January,2024,Hiver,Non,1,Neige,39,4435,21,24,18,Aucun,39
2024-01-25,Thursday,25,January,2024,Hiver,Non,2,Pluie,60,7966,31,36,28,Épidémie de grippe,60
2024-01-26,Friday,26,January,2024,Hiver,Non,2,Neige,55,5048,25,31,23,Épidémie de grippe,55
2024-01-27,Saturday,27,January,2024,Hiver,Non,4,Gris,46,5544,23,28,23,Épidémie de grippe,46
2024-01-28,Sunday,28,January,2024,Hiver,Non,3,Froid,42,6061,21,26,20,Épidémie de grippe,42
2024-01-29,Monday,29,January,2024,Hiver,Non,2,Froid,57,7985,28,34,28,Aucun,57
2024-01-30,Tuesday,30,January,2024,Hiver,Non,2,Froid,45,6121,26,27,24,Épidémie de grippe,45
2024-01-31,Wednesday,31,January,2024,Hiver,Non,2,Neige,38,5225,18,23,21,Épidémie de grippe,38
2024-02-01,Thursday,1,February,2024,Hiver,Non,2,Froid,56,7214,27,35,26,Aucun,56
2024-02-02,Friday,2,February,2024,Hiver,Non,3,Gris,59,5283,24,32,25,Aucun,59
2024-02-03,Saturday,3,February,2024,Hiver,Non,2,Froid,44,5920,23,28,23,Épidémie de grippe,44
2024-02-04,Sunday,4,February,2024,Hiver,Non,1,Froid,44,4772,20,24,20,Aucun,44
2024-02-05,Monday,5,February,2024,Hiver,Non,3,Froid,59,7655,30,36,29,Épidémie de grippe,59
2024-02-06,Tuesday,6,February,2024,Hiver,Non,1,Gris,42,6885,22,26,22,Épidémie de grippe,42
2024-02-07,Wednesday,7,February,2024,Hiver,Non,1,Pluie,39,3861,19,21,17,Aucun,39
2024-02-08,Thursday,8,February,2024,Hiver,Non,3,Froid,52,6828,26,30,23,Aucun,52
2024-02-09,Friday,9,February,2024,Hiver,Non,1,Neige,55,5989,28,31,26,Aucun,55
2024-02-10,Saturday,10,February,2024,Hiver,Non,3,Pluie,47,6738,24,27,23,Aucun,47
2024-02-11,Sunday,11,February,2024,Hiver,Non,2,Froid,43,6157,22,28,21,Aucun,43
2024-02-12,Monday,12,February,2024,Hiver,Non,1,Neige,52,4288,22,28,23,Aucun,52
2024-02-13,Tuesday,13,February,2024,Hiver,Non,2,Froid,38,4371,18,23,18,Aucun,38
2024-02-14,Wednesday,14,February,2024,Hiver,Non,2,Pluie,40,3755,16,23,20,Aucun,40
2024-02-15,Thursday,15,February,2024,Hiver,Non,1,Gris,58,5327,25,32,24,Épidémie de grippe,58
2024-02-16,Friday,16,February,2024,Hiver,Non,2,Froid,54,6473,27,32,26,Aucun,54
2024-02-17,Saturday,17,February,2024,Hiver,Non,2,Pluie,45,5858,21,26,22,Aucun,45
2024-02-18,Sunday,18,February,2024,Hiver,Non,3,Gris,46,3874,20,26,19,Épidémie de grippe,46
2024-02-19,Monday,19,February,2024,Hiver,Non,2,Gris,65,9117,32,40,34,Aucun,65
2024-02-20,Tuesday,20,February,2024,Hiver,Non,1,Neige,47,6765,28,29,26,Épidémie de grippe,47
2024-02-21,Wednesday,21,February,2024,Hiver,Non,4,Froid,39,4585,21,26,20,Aucun,39
2024-02-22,Thursday,22,February,2024,Hiver,Non,1,Froid,58,5834,27,34,27,Épidémie de grippe,58
2024-02-23,Friday,23,February,2024,Hiver,Non,2,Froid,68,8788,33,40,31,Aucun,68
2024-02-24,Saturday,24,February,2024,Hiver,Non,1,Neige,47,4779,24,30,22,Aucun,47
2024-02-25,Sunday,25,February,2024,Hiver,Non,-2,Neige,42,2916,18,23,16,Aucun,42
2024-02-26,Monday,26,February,2024,Hiver,Non,1,Froid,65,7975,33,38,28,Épidémie de grippe,65
2024-02-27,Tuesday,27,February,2024,Hiver,Non,1,Neige,49,8220,27,30,25,Épidémie de grippe,49
2024-02-28,Wednesday,28,February,2024,Hiver,Non,2,Gris,38,4167,18,20,18,Aucun,38
2024-02-29,Thursday,29,February,2024,Hiver,Non,4,Gris,25,3009,14,15,12,Aucun,25
2024-03-01,Friday,1,March,2024,Printemps,Non,16,Doux,43,5549,22,26,21,Aucun,43
2024-03-02,Saturday,2,March,2024,Printemps,Non,16,Soleil,42,5066,20,24,22,Pollens allergènes,42
2024-03-03,Sunday,3,March,2024,Printemps,Non,14,Pluie,28,2229,11,15,11,Pollens allergènes,28
2024-03-04,Monday,4,March,2024,Printemps,Non,15,Doux,42,4526,21,23,17,Aucun,42
2024-03-05,Tuesday,5,March,2024,Printemps,Non,16,Soleil,44,5051,20,26,20,Aucun,44
2024-03-06,Wednesday,6,March,2024,Printemps,Non,15,Soleil,30,4462,16,17,15,Aucun,30
2024-03-07,Thursday,7,March,2024,Printemps,Non,15,Pluie,35,4682,19,21,16,Aucun,35
2024-03-08,Friday,8,March,2024,Printemps,Non,15,Pluie,46,6357,23,26,22,Pollens allergènes,46
2024-03-09,Saturday,9,March,2024,Printemps,Non,15,Doux,37,5031,18,23,15,Aucun,37
2024-03-10,Sunday,10,March,2024,Printemps,Non,17,Doux,29,4811,16,19,15,Aucun,29
2024-03-11,Monday,11,March,2024,Printemps,Non,15,Pluie,43,5384,20,24,20,Aucun,43
2024-03-12,Tuesday,12,March,2024,Printemps,Non,16,Soleil,42,5815,21,26,21,Pollens allergènes,42
2024-03-13,Wednesday,13,March,2024,Printemps,Non,15,Pluie,31,3557,13,19,15,Aucun,31
2024-03-14,Thursday,14,March,2024,Printemps,Non,14,Pluie,28,3454,14,15,14,Aucun,28
2024-03-15,Friday,15,March,2024,Printemps,Non,15,Pluie,44,5928,23,26,20,Aucun,44
2024-03-16,Saturday,16,March,2024,Printemps,Non,15,Doux,37,4452,18,21,18,Pollens allergènes,37
2024-03-17,Sunday,17,March,2024,Printemps,Non,14,Pluie,29,3414,13,17,14,Pollens allergènes,29
2024-03-18,Monday,18,March,2024,Printemps,Non,15,Soleil,43,5821,23,25,21,Aucun,43
2024-03-19,Tuesday,19,March,2024,Printemps,Non,14,Pluie,40,5290,20,24,22,Aucun,40
2024-03-20,Wednesday,20,March,2024,Printemps,Non,15,Pluie,36,4580,16,20,19,Aucun,36
2024-03-21,Thursday,21,March,2024,Printemps,Non,14,Doux,31,3554,14,18,14,Pollens allergènes,31
2024-03-22,Friday,22,March,2024,Printemps,Non,16,Doux,45,7132,24,30,23,Pollens allergènes,45
2024-03-23,Saturday,23,March,2024,Printemps,Non,16,Doux,37,5918,20,23,18,Pollens allergènes,37
2024-03-24,Sunday,24,March,2024,Printemps,Non,16,Soleil,22,2607,10,13,10,Aucun,22
2024-03-25,Monday,25,March,2024,Printemps,Non,15,Doux,49,7694,25,30,26,Aucun,49
2024-03-26,Tuesday,26,March,2024,Printemps,Non,15,Doux,50,5367,24,30,22,Aucun,50
2024-03-27,Wednesday,27,March,2024,Printemps,Non,16,Doux,33,5324,17,19,16,Aucun,33
2024-03-28,Thursday,28,March,2024,Printemps,Non,15,Doux,29,3033,15,16,14,Pollens allergènes,29
2024-03-29,Friday,29,March,2024,Printemps,Non,15,Pluie,52,7197,25,29,26,Aucun,52
2024-03-30,Saturday,30,March,2024,Printemps,Non,15,Doux,36,3214,18,20,14,Pollens allergènes,36
2024-03-31,Sunday,31,March,2024,Printemps,Non,14,Pluie,28,2055,11,15,11,Pollens allergènes,28
2024-04-01,Monday,1,April,2024,Printemps,Oui,15,Soleil,43,4309,19,23,20,Aucun,43
2024-04-02,Tuesday,2,April,2024,Printemps,Non,15,Doux,45,5957,20,26,24,Aucun,45
2024-04-03,Wednesday,3,April,2024,Printemps,Non,15,Soleil,32,3549,14,17,15,Aucun,32
2024-04-04,Thursday,4,April,2024,Printemps,Non,16,Soleil,31,3234,16,18,13,Pollens allergènes,31
2024-04-05,Friday,5,April,2024,Printemps,Non,15,Doux,45,6175,25,26,21,Aucun,45
2024-04-06,Saturday,6,April,2024,Printemps,Non,16,Doux,33,2917,14,19,13,Pollens allergènes,33
2024-04-07,Sunday,7,April,2024,Printemps,Non,15,Pluie,30,3458,14,16,12,Pollens allergènes,30
2024-04-08,Monday,8,April,2024,Printemps,Non,13,Pluie,36,3975,15,22,16,Pollens allergènes,36
2024-04-09,Tuesday,9,April,2024,Printemps,Non,15,Soleil,45,4576,20,25,20,Pollens allergènes,45
2024-04-10,Wednesday,10,April,2024,Printemps,Non,16,Doux,33,2720,14,19,12,Aucun,33
2024-04-11,Thursday,11,April,2024,Printemps,Non,15,Doux,29,3576,14,18,13,Pollens allergènes,29
2024-04-12,Friday,12,April,2024,Printemps,Non,16,Doux,49,5681,23,27,25,Pollens allergènes,49
2024-04-13,Saturday,13,April,2024,Printemps,Non,15,Soleil,35,4097,18,21,16,Aucun,35
2024-04-14,Sunday,14,April,2024,Printemps,Non,15,Doux,31,3119,15,17,14,Pollens allergènes,31
2024-04-15,Monday,15,April,2024,Printemps,Non,14,Doux,47,5201,18,26,20,Aucun,47
2024-04-16,Tuesday,16,April,2024,Printemps,Non,15,Soleil,45,5348,21,25,21,Pollens allergènes,45
2024-04-17,Wednesday,17,April,2024,Printemps,Non,13,Pluie,33,4937,17,20,17,Aucun,33
2024-04-18,Thursday,18,April,2024,Printemps,Non,13,Pluie,29,3021,13,16,12,Pollens allergènes,29
2024-04-19,Friday,19,April,2024,Printemps,Non,15,Pluie,42,5632,23,26,22,Pollens allergènes,42
2024-04-20,Saturday,20,April,2024,Printemps,Non,14,Soleil,31,2630,12,17,13,Aucun,31
2024-04-21,Sunday,21,April,2024,Printemps,Non,15,Doux,33,3090,16,18,14,Aucun,33
2024-04-22,Monday,22,April,2024,Printemps,Non,15,Pluie,41,4048,18,22,17,Pollens allergènes,41
2024-04-23,Tuesday,23,April,2024,Printemps,Non,15,Pluie,50,6209,26,28,26,Aucun,50
2024-04-24,Wednesday,24,April,2024,Printemps,Non,17,Doux,30,3057,13,16,13,Pollens allergènes,30
2024-04-25,Thursday,25,April,2024,Printemps,Non,14,Pluie,38,5521,21,24,20,Pollens allergènes,38
2024-04-26,Friday,26,April,2024,Printemps,Non,15,Pluie,51,6778,27,30,25,Aucun,51
2024-04-27,Saturday,27,April,2024,Printemps,Non,15,Soleil,34,4786,18,21,16,Pollens allergènes,34
2024-04-28,Sunday,28,April,2024,Printemps,Non,16,Doux,32,5468,18,21,17,Aucun,32
2024-04-29,Monday,29,April,2024,Printemps,Non,16,Soleil,44,3576,18,23,21,Pollens allergènes,44
2024-04-30,Tuesday,30,April,2024,Printemps,Non,16,Soleil,43,5739,22,24,18,Aucun,43
2024-05-01,Wednesday,1,May,2024,Printemps,Oui,15,Soleil,31,3942,14,20,14,Aucun,31
2024-05-02,Thursday,2,May,2024,Printemps,Non,14,Pluie,34,2788,14,19,13,Pollens allergènes,34
2024-05-03,Friday,3,May,2024,Printemps,Non,13,Pluie,47,5573,23,27,21,Pollens allergènes,47
2024-05-04,Saturday,4,May,2024,Printemps,Non,15,Doux,33,2026,14,18,12,Aucun,33
2024-05-05,Sunday,5,May,2024,Printemps,Non,15,Doux,30,2814,14,17,14,Pollens allergènes,30
2024-05-06,Monday,6,May,2024,Printemps,Non,15,Doux,32,3891,16,20,14,Aucun,32
2024-05-07,Tuesday,7,May,2024,Printemps,Non,15,Doux,48,5068,22,27,20,Pollens allergènes,48
2024-05-08,Wednesday,8,May,2024,Printemps,Oui,16,Soleil,33,3316,14,19,13,Aucun,33
2024-05-09,Thursday,9,May,2024,Printemps,Oui,17,Soleil,35,3801,19,21,15,Pollens allergènes,35
2024-05-10,Friday,10,May,2024,Printemps,Non,14,Pluie,43,7184,22,26,24,Pollens allergènes,43
2024-05-11,Saturday,11,May,2024,Printemps,Non,15,Doux,28,3920,16,16,15,Aucun,28
2024-05-12,Sunday,12,May,2024,Printemps,Non,15,Soleil,29,3662,14,16,12,Pollens allergènes,29
2024-05-13,Monday,13,May,2024,Printemps,Non,14,Soleil,40,3392,17,22,16,Pollens allergènes,40
2024-05-14,Tuesday,14,May,2024,Printemps,Non,15,Pluie,49,4773,23,26,21,Aucun,49
2024-05-15,Wednesday,15,May,2024,Printemps,Non,14,Pluie,33,3235,15,18,14,Pollens allergènes,33
2024-05-16,Thursday,16,May,2024,Printemps,Non,16,Soleil,32,3349,14,18,13,Pollens allergènes,32
2024-05-17,Friday,17,May,2024,Printemps,Non,15,Doux,44,4497,20,24,17,Pollens allergènes,44
2024-05-18,Saturday,18,May,2024,Printemps,Non,14,Pluie,30,2698,13,16,13,Pollens allergènes,30
2024-05-19,Sunday,19,May,2024,Printemps,Non,15,Soleil,37,3287,17,21,14,Aucun,37
2024-05-20,Monday,20,May,2024,Printemps,Oui,15,Soleil,40,3100,16,22,14,Pollens allergènes,40
2024-05-21,Tuesday,21,May,2024,Printemps,Non,14,Doux,39,4083,18,23,18,Aucun,39
2024-05-22,Wednesday,22,May,2024,Printemps,Non,14,Pluie,34,5020,16,19,18,Pollens allergènes,34
2024-05-23,Thursday,23,May,2024,Printemps,Non,14,Soleil,34,3212,16,17,14,Pollens allergènes,34
2024-05-24,Friday,24,May,2024,Printemps,Non,15,Doux,41,3319,18,22,17,Aucun,41
2024-05-25,Saturday,25,May,2024,Printemps,Non,13,Pluie,30,2650,14,16,13,Aucun,30
2024-05-26,Sunday,26,May,2024,Printemps,Non,15,Doux,25,2623,11,14,11,Aucun,25
2024-05-27,Monday,27,May,2024,Printemps,Non,16,Soleil,45,3555,20,25,20,Pollens allergènes,45
2024-05-28,Tuesday,28,May,2024,Printemps,Non,15,Soleil,45,3250,21,24,18,Aucun,45
2024-05-29,Wednesday,29,May,2024,Printemps,Non,15,Doux,29,4675,14,18,13,Aucun,29
2024-05-30,Thursday,30,May,2024,Printemps,Non,15,Soleil,38,4731,17,22,19,Pollens allergènes,38
2024-05-31,Friday,31,May,2024,Printemps,Non,14,Pluie,43,4634,20,25,20,Aucun,43
2024-06-01,Saturday,1,June,2024,Été,Non,26,Chaleur,45,6126,16,25,15,Aucun,45
2024-06-02,Sunday,2,June,2024,Été,Non,27,Chaleur,48,7858,18,27,18,Canicule,48
2024-06-03,Monday,3,June,2024,Été,Non,27,Soleil,70,6966,22,38,22,Aucun,70
2024-06-04,Tuesday,4,June,2024,Été,Non,29,Canicule,75,8176,24,38,25,Aucun,75
2024-06-05,Wednesday,5,June,2024,Été,Non,29,Chaleur,45,4931,14,23,14,Canicule,45
2024-06-06,Thursday,6,June,2024,Été,Non,28,Canicule,45,5527,14,24,14,Aucun,45
2024-06-07,Friday,7,June,2024,Été,Non,28,Canicule,74,8830,24,42,25,Canicule,74
2024-06-08,Saturday,8,June,2024,Été,Non,28,Chaleur,52,6383,16,29,18,Canicule,52
2024-06-09,Sunday,9,June,2024,Été,Non,28,Canicule,41,5057,14,22,13,Canicule,41
2024-06-10,Monday,10,June,2024,Été,Non,28,Soleil,60,8326,22,32,21,Canicule,60
2024-06-11,Tuesday,11,June,2024,Été,Non,27,Soleil,71,7437,21,38,22,Canicule,71
2024-06-12,Wednesday,12,June,2024,Été,Non,26,Soleil,58,6127,18,30,17,Aucun,58
2024-06-13,Thursday,13,June,2024,Été,Non,28,Canicule,49,5218,16,27,14,Canicule,49
2024-06-14,Friday,14,June,2024,Été,Non,28,Soleil,73,5936,22,38,22,Canicule,73
2024-06-15,Saturday,15,June,2024,Été,Non,28,Chaleur,51,5640,16,27,16,Aucun,51
2024-06-16,Sunday,16,June,2024,Été,Non,28,Canicule,53,6488,16,29,18,Aucun,53
2024-06-17,Monday,17,June,2024,Été,Non,27,Soleil,62,8141,21,34,21,Aucun,62
2024-06-18,Tuesday,18,June,2024,Été,Non,27,Soleil,67,7893,23,36,23,Aucun,67
2024-06-19,Wednesday,19,June,2024,Été,Non,28,Soleil,48,5070,16,27,16,Aucun,48
2024-06-20,Thursday,20,June,2024,Été,Non,30,Canicule,58,6802,18,32,19,Canicule,58
2024-06-21,Friday,21,June,2024,Été,Non,27,Soleil,70,9435,22,38,24,Aucun,70
2024-06-22,Saturday,22,June,2024,Été,Non,26,Soleil,49,5151,15,26,16,Canicule,49
2024-06-23,Sunday,23,June,2024,Été,Non,27,Canicule,42,5392,14,22,13,Aucun,42
2024-06-24,Monday,24,June,2024,Été,Non,28,Chaleur,64,7638,20,34,20,Canicule,64
2024-06-25,Tuesday,25,June,2024,Été,Non,29,Chaleur,69,6643,21,36,20,Aucun,69
2024-06-26,Wednesday,26,June,2024,Été,Non,27,Soleil,50,5569,18,27,14,Canicule,50
2024-06-27,Thursday,27,June,2024,Été,Non,27,Chaleur,47,7079,17,25,15,Aucun,47
2024-06-28,Friday,28,June,2024,Été,Non,28,Chaleur,74,9360,24,39,26,Aucun,74
2024-06-29,Saturday,29,June,2024,Été,Non,27,Canicule,51,4195,15,26,16,Aucun,51
2024-06-30,Sunday,30,June,2024,Été,Non,28,Chaleur,52,6989,18,30,18,Aucun,52
2024-07-01,Monday,1,July,2024,Été,Non,30,Chaleur,68,7735,22,36,22,Canicule,68
2024-07-02,Tuesday,2,July,2024,Été,Non,27,Chaleur,76,9613,26,42,24,Aucun,76
2024-07-03,Wednesday,3,July,2024,Été,Non,28,Chaleur,51,5406,17,27,16,Aucun,51
2024-07-04,Thursday,4,July,2024,Été,Non,26,Soleil,46,7273,17,25,18,Canicule,46
2024-07-05,Friday,5,July,2024,Été,Non,28,Chaleur,75,9367,24,41,24,Aucun,75
2024-07-06,Saturday,6,July,2024,Été,Non,28,Canicule,46,4950,15,24,16,Aucun,46
2024-07-07,Sunday,7,July,2024,Été,Non,30,Canicule,50,7129,16,27,16,Aucun,50
2024-07-08,Monday,8,July,2024,Été,Non,28,Canicule,57,7234,17,32,19,Canicule,57
2024-07-09,Tuesday,9,July,2024,Été,Non,27,Chaleur,74,7270,22,38,22,Aucun,74
2024-07-10,Wednesday,10,July,2024,Été,Non,29,Chaleur,49,6175,18,27,18,Aucun,49
2024-07-11,Thursday,11,July,2024,Été,Non,29,Canicule,51,5128,15,27,16,Canicule,51
2024-07-12,Friday,12,July,2024,Été,Non,28,Chaleur,70,8600,21,37,22,Aucun,70
2024-07-13,Saturday,13,July,2024,Été,Non,29,Chaleur,47,5646,16,25,16,Aucun,47
2024-07-14,Sunday,14,July,2024,Été,Oui,25,Soleil,49,5886,16,26,16,Canicule,49
2024-07-15,Monday,15,July,2024,Été,Non,28,Chaleur,67,6562,20,35,19,Canicule,67
2024-07-16,Tuesday,16,July,2024,Été,Non,27,Chaleur,72,7920,23,40,22,Canicule,72
2024-07-17,Wednesday,17,July,2024,Été,Non,28,Canicule,53,7220,18,28,18,Aucun,53
2024-07-18,Thursday,18,July,2024,Été,Non,28,Canicule,51,6582,16,26,17,Canicule,51
2024-07-19,Friday,19,July,2024,Été,Non,27,Chaleur,74,9080,25,41,24,Aucun,74
2024-07-20,Saturday,20,July,2024,Été,Non,28,Canicule,55,6849,18,29,18,Canicule,55
2024-07-21,Sunday,21,July,2024,Été,Non,28,Canicule,46,5732,17,25,16,Aucun,46
2024-07-22,Monday,22,July,2024,Été,Non,28,Chaleur,66,10167,22,35,24,Aucun,66
2024-07-23,Tuesday,23,July,2024,Été,Non,28,Canicule,74,9944,24,40,24,Canicule,74
2024-07-24,Wednesday,24,July,2024,Été,Non,27,Canicule,56,5469,17,30,16,Canicule,56
2024-07-25,Thursday,25,July,2024,Été,Non,30,Canicule,53,9258,20,30,20,Canicule,53
2024-07-26,Friday,26,July,2024,Été,Non,27,Chaleur,77,10896,26,42,28,Canicule,77
2024-07-27,Saturday,27,July,2024,Été,Non,29,Chaleur,55,7634,21,29,17,Canicule,55
2024-07-28,Sunday,28,July,2024,Été,Non,28,Chaleur,41,4627,13,22,12,Canicule,41
2024-07-29,Monday,29,July,2024,Été,Non,27,Soleil,69,9557,24,36,27,Canicule,69
2024-07-30,Tuesday,30,July,2024,Été,Non,28,Canicule,74,10614,25,40,24,Aucun,74
2024-07-31,Wednesday,31,July,2024,Été,Non,26,Soleil,48,4368,15,26,14,Aucun,48
2024-08-01,Thursday,1,August,2024,Été,Non,28,Canicule,50,5204,16,27,16,Aucun,50
2024-08-02,Friday,2,August,2024,Été,Non,27,Soleil,79,11745,30,44,28,Aucun,79
2024-08-03,Saturday,3,August,2024,Été,Non,28,Canicule,53,6328,18,29,18,Aucun,53
2024-08-04,Sunday,4,August,2024,Été,Non,28,Canicule,54,5492,16,29,16,Canicule,54
2024-08-05,Monday,5,August,2024,Été,Non,29,Chaleur,65,8726,22,35,22,Canicule,65
2024-08-06,Tuesday,6,August,2024,Été,Non,28,Chaleur,74,12123,28,42,26,Aucun,74
2024-08-07,Wednesday,7,August,2024,Été,Non,26,Soleil,53,7458,19,29,18,Aucun,53
2024-08-08,Thursday,8,August,2024,Été,Non,26,Soleil,50,6295,18,25,17,Aucun,50
2024-08-09,Friday,9,August,2024,Été,Non,27,Soleil,70,9742,24,38,24,Aucun,70
2024-08-10,Saturday,10,August,2024,Été,Non,29,Chaleur,51,7070,18,29,19,Aucun,51
2024-08-11,Sunday,11,August,2024,Été,Non,27,Canicule,51,3868,16,26,14,Canicule,51
2024-08-12,Monday,12,August,2024,Été,Non,27,Chaleur,64,7540,20,34,20,Aucun,64
2024-08-13,Tuesday,13,August,2024,Été,Non,28,Soleil,65,9837,23,37,22,Canicule,65
2024-08-14,Wednesday,14,August,2024,Été,Non,27,Chaleur,49,4824,15,26,16,Aucun,49
2024-08-15,Thursday,15,August,2024,Été,Oui,27,Soleil,50,6879,16,27,16,Canicule,50
2024-08-16,Friday,16,August,2024,Été,Non,28,Canicule,72,9593,24,38,25,Canicule,72
2024-08-17,Saturday,17,August,2024,Été,Non,26,Soleil,47,6124,17,26,16,Aucun,47
2024-08-18,Sunday,18,August,2024,Été,Non,25,Soleil,45,5278,13,24,14,Aucun,45
2024-08-19,Monday,19,August,2024,Été,Non,27,Canicule,69,9645,24,38,26,Canicule,69
2024-08-20,Tuesday,20,August,2024,Été,Non,28,Chaleur,69,7636,23,37,22,Aucun,69
2024-08-21,Wednesday,21,August,2024,Été,Non,28,Canicule,47,6704,15,26,17,Canicule,47
2024-08-22,Thursday,22,August,2024,Été,Non,28,Chaleur,57,7426,19,30,18,Canicule,57
2024-08-23,Friday,23,August,2024,Été,Non,28,Canicule,74,10896,28,43,27,Canicule,74
2024-08-24,Saturday,24,August,2024,Été,Non,29,Chaleur,50,5167,15,26,17,Canicule,50
2024-08-25,Sunday,25,August,2024,Été,Non,28,Canicule,43,5394,16,24,15,Canicule,43
2024-08-26,Monday,26,August,2024,Été,Non,27,Chaleur,63,6650,19,35,18,Aucun,63
2024-08-27,Tuesday,27,August,2024,Été,Non,27,Chaleur,70,7797,25,37,23,Aucun,70
2024-08-28,Wednesday,28,August,2024,Été,Non,28,Canicule,47,6545,16,25,16,Canicule,47
2024-08-29,Thursday,29,August,2024,Été,Non,30,Canicule,53,6678,19,28,18,Aucun,53
2024-08-30,Friday,30,August,2024,Été,Non,27,Canicule,76,9830,24,41,26,Aucun,76
2024-08-31,Saturday,31,August,2024,Été,Non,28,Chaleur,51,5589,18,28,16,Canicule,51
2024-09-01,Sunday,1,September,2024,Automne,Non,12,Pluie,30,2170,12,15,12,Aucun,30
2024-09-02,Monday,2,September,2024,Automne,Non,11,Vent,46,5146,20,25,20,Épidémie de gastro,46
2024-09-03,Tuesday,3,September,2024,Automne,Non,11,Pluie,44,5498,24,27,20,Aucun,44
2024-09-04,Wednesday,4,September,2024,Automne,Non,12,Pluie,38,4682,20,25,18,Épidémie de gastro,38
2024-09-05,Thursday,5,September,2024,Automne,Non,12,Vent,37,3890,15,20,16,Épidémie de gastro,37
2024-09-06,Friday,6,September,2024,Automne,Non,11,Pluie,49,8492,26,33,27,Épidémie de gastro,49
2024-09-07,Saturday,7,September,2024,Automne,Non,12,Frais,35,5223,18,22,20,Épidémie de gastro,35
2024-09-08,Sunday,8,September,2024,Automne,Non,12,Vent,32,3702,16,19,13,Épidémie de gastro,32
2024-09-09,Monday,9,September,2024,Automne,Non,13,Pluie,46,4632,20,25,20,Aucun,46
2024-09-10,Tuesday,10,September,2024,Automne,Non,12,Vent,46,4807,22,26,22,Aucun,46
2024-09-11,Wednesday,11,September,2024,Automne,Non,13,Vent,35,4991,18,21,18,Épidémie de gastro,35
2024-09-12,Thursday,12,September,2024,Automne,Non,11,Pluie,34,4113,16,18,15,Aucun,34
2024-09-13,Friday,13,September,2024,Automne,Non,12,Pluie,59,7017,28,35,26,Épidémie de gastro,59
2024-09-14,Saturday,14,September,2024,Automne,Non,11,Frais,36,5466,20,22,16,Aucun,36
2024-09-15,Sunday,15,September,2024,Automne,Non,12,Frais,37,4550,20,21,18,Aucun,37
2024-09-16,Monday,16,September,2024,Automne,Non,11,Pluie,51,5787,21,30,21,Épidémie de gastro,51
2024-09-17,Tuesday,17,September,2024,Automne,Non,12,Vent,50,4419,22,27,21,Aucun,50
2024-09-18,Wednesday,18,September,2024,Automne,Non,12,Frais,36,4835,16,22,16,Aucun,36
2024-09-19,Thursday,19,September,2024,Automne,Non,11,Frais,33,3206,16,19,14,Épidémie de gastro,33
2024-09-20,Friday,20,September,2024,Automne,Non,12,Vent,52,5714,25,28,26,Épidémie de gastro,52
2024-09-21,Saturday,21,September,2024,Automne,Non,12,Vent,42,7469,25,26,22,Épidémie de gastro,42
2024-09-22,Sunday,22,September,2024,Automne,Non,12,Frais,33,3582,15,18,14,Épidémie de gastro,33
2024-09-23,Monday,23,September,2024,Automne,Non,12,Pluie,45,4511,19,27,21,Aucun,45
2024-09-24,Tuesday,24,September,2024,Automne,Non,12,Vent,48,5493,24,26,21,Aucun,48
2024-09-25,Wednesday,25,September,2024,Automne,Non,12,Vent,38,4720,19,22,20,Aucun,38
2024-09-26,Thursday,26,September,2024,Automne,Non,12,Frais,39,5260,18,24,20,Aucun,39
2024-09-27,Friday,27,September,2024,Automne,Non,11,Vent,51,4984,24,28,24,Épidémie de gastro,51
2024-09-28,Saturday,28,September,2024,Automne,Non,11,Frais,38,5209,18,23,16,Aucun,38
2024-09-29,Sunday,29,September,2024,Automne,Non,12,Pluie,29,2503,12,16,11,Aucun,29
2024-09-30,Monday,30,September,2024,Automne,Non,12,Pluie,47,5442,22,27,20,Épidémie de gastro,47
2024-10-01,Tuesday,1,October,2024,Automne,Non,12,Vent,48,6595,24,27,23,Aucun,48
2024-10-02,Wednesday,2,October,2024,Automne,Non,12,Vent,34,4682,18,22,16,Aucun,34
2024-10-03,Thursday,3,October,2024,Automne,Non,12,Frais,41,5309,22,24,18,Aucun,41
2024-10-04,Friday,4,October,2024,Automne,Non,12,Frais,54,7377,26,31,25,Aucun,54
2024-10-05,Saturday,5,October,2024,Automne,Non,11,Frais,42,4477,21,24,18,Épidémie de gastro,42
2024-10-06,Sunday,6,October,2024,Automne,Non,12,Vent,34,4308,17,20,17,Aucun,34
2024-10-07,Monday,7,October,2024,Automne,Non,12,Vent,47,5469,20,27,20,Aucun,47
2024-10-08,Tuesday,8,October,2024,Automne,Non,12,Vent,48,4207,20,27,22,Épidémie de gastro,48
2024-10-09,Wednesday,9,October,2024,Automne,Non,13,Vent,37,3694,18,21,16,Épidémie de gastro,37
2024-10-10,Thursday,10,October,2024,Automne,Non,12,Pluie,34,4696,16,21,15,Épidémie de gastro,34
2024-10-11,Friday,11,October,2024,Automne,Non,12,Pluie,48,5480,20,27,21,Épidémie de gastro,48
2024-10-12,Saturday,12,October,2024,Automne,Non,12,Frais,40,4718,18,22,19,Épidémie de gastro,40
2024-10-13,Sunday,13,October,2024,Automne,Non,12,Pluie,36,4621,18,21,16,Épidémie de gastro,36
2024-10-14,Monday,14,October,2024,Automne,Non,11,Vent,48,6568,24,29,22,Aucun,48
2024-10-15,Tuesday,15,October,2024,Automne,Non,12,Vent,50,7223,24,28,26,Épidémie de gastro,50
2024-10-16,Wednesday,16,October,2024,Automne,Non,12,Pluie,34,4263,15,20,17,Aucun,34
2024-10-17,Thursday,17,October,2024,Automne,Non,12,Frais,34,4015,17,19,16,Épidémie de gastro,34
2024-10-18,Friday,18,October,2024,Automne,Non,13,Vent,49,6659,25,29,21,Épidémie de gastro,49
2024-10-19,Saturday,19,October,2024,Automne,Non,13,Vent,38,4278,18,20,18,Épidémie de gastro,38
2024-10-20,Sunday,20,October,2024,Automne,Non,11,Frais,35,4788,16,20,16,Aucun,35
2024-10-21,Monday,21,October,2024,Automne,Non,12,Frais,54,6286,26,32,21,Aucun,54
2024-10-22,Tuesday,22,October,2024,Automne,Non,12,Vent,42,5964,20,22,21,Aucun,42
2024-10-23,Wednesday,23,October,2024,Automne,Non,12,Frais,37,4394,20,21,18,Épidémie de gastro,37
2024-10-24,Thursday,24,October,2024,Automne,Non,12,Frais,38,5592,19,23,17,Épidémie de gastro,38
2024-10-25,Friday,25,October,2024,Automne,Non,12,Vent,45,5203,22,27,21,Épidémie de gastro,45
2024-10-26,Saturday,26,October,2024,Automne,Non,12,Pluie,38,4181,18,21,15,Épidémie de gastro,38
2024-10-27,Sunday,27,October,2024,Automne,Non,12,Frais,36,6008,18,24,19,Aucun,36
2024-10-28,Monday,28,October,2024,Automne,Non,12,Pluie,45,5568,24,24,20,Épidémie de gastro,45
2024-10-29,Tuesday,29,October,2024,Automne,Non,12,Frais,55,5816,26,30,24,Aucun,55
2024-10-30,Wednesday,30,October,2024,Automne,Non,12,Frais,33,3042,16,18,14,Aucun,33
2024-10-31,Thursday,31,October,2024,Automne,Non,11,Frais,35,3764,17,20,15,Aucun,35
2024-11-01,Friday,1,November,2024,Automne,Oui,12,Vent,47,5825,21,27,22,Aucun,47
2024-11-02,Saturday,2,November,2024,Automne,Non,11,Frais,42,2909,17,22,14,Épidémie de gastro,42
2024-11-03,Sunday,3,November,2024,Automne,Non,12,Pluie,40,4240,19,23,18,Épidémie de gastro,40
2024-11-04,Monday,4,November,2024,Automne,Non,12,Pluie,43,5960,22,26,22,Épidémie de gastro,43
2024-11-05,Tuesday,5,November,2024,Automne,Non,13,Vent,45,5481,22,26,22,Épidémie de gastro,45
2024-11-06,Wednesday,6,November,2024,Automne,Non,12,Frais,39,6245,19,24,19,Épidémie de gastro,39
2024-11-07,Thursday,7,November,2024,Automne,Non,11,Vent,33,3151,15,18,13,Aucun,33
2024-11-08,Friday,8,November,2024,Automne,Non,12,Pluie,48,7015,24,30,23,Épidémie de gastro,48
2024-11-09,Saturday,9,November,2024,Automne,Non,12,Frais,40,5770,21,24,20,Aucun,40
2024-11-10,Sunday,10,November,2024,Automne,Non,12,Vent,31,4164,16,18,17,Aucun,31
2024-11-11,Monday,11,November,2024,Automne,Oui,12,Pluie,47,5555,21,28,20,Épidémie de gastro,47
2024-11-12,Tuesday,12,November,2024,Automne,Non,11,Pluie,55,6395,27,32,25,Aucun,55
2024-11-13,Wednesday,13,November,2024,Automne,Non,12,Vent,41,4600,20,24,20,Aucun,41
2024-11-14,Thursday,14,November,2024,Automne,Non,12,Vent,32,3001,14,17,14,Aucun,32
2024-11-15,Friday,15,November,2024,Automne,Non,11,Pluie,53,5079,25,30,24,Épidémie de gastro,53
2024-11-16,Saturday,16,November,2024,Automne,Non,12,Pluie,36,4868,17,22,19,Aucun,36
2024-11-17,Sunday,17,November,2024,Automne,Non,11,Frais,30,3486,15,18,14,Aucun,30
2024-11-18,Monday,18,November,2024,Automne,Non,11,Pluie,52,8087,27,32,30,Aucun,52
2024-11-19,Tuesday,19,November,2024,Automne,Non,12,Vent,46,4580,22,26,18,Épidémie de gastro,46
2024-11-20,Wednesday,20,November,2024,Automne,Non,12,Frais,38,4271,18,22,16,Aucun,38
2024-11-21,Thursday,21,November,2024,Automne,Non,12,Frais,32,3370,15,19,14,Épidémie de gastro,32
2024-11-22,Friday,22,November,2024,Automne,Non,11,Frais,55,8379,28,35,28,Aucun,55
2024-11-23,Saturday,23,November,2024,Automne,Non,12,Frais,34,3041,16,19,13,Épidémie de gastro,34
2024-11-24,Sunday,24,November,2024,Automne,Non,12,Vent,27,3439,11,17,11,Aucun,27
2024-11-25,Monday,25,November,2024,Automne,Non,13,Vent,26,2670,12,15,11,Épidémie de gastro,26
2024-11-26,Tuesday,26,November,2024,Automne,Non,12,Vent,23,2258,12,13,10,Aucun,23
2024-11-27,Wednesday,27,November,2024,Automne,Non,12,Frais,18,3000,10,12,10,Aucun,18
2024-11-28,Thursday,28,November,2024,Automne,Non,11,Vent,21,2205,10,12,9,Aucun,21
2024-11-29,Friday,29,November,2024,Automne,Non,12,Frais,22,4431,14,15,12,Aucun,22
2024-11-30,Saturday,30,November,2024,Automne,Non,12,Pluie,15,1463,8,10,6,Épidémie de gastro,15
2024-12-01,Sunday,1,December,2024,Hiver,Non,-1,Froid,15,1483,9,8,6,Aucun,15
2024-12-02,Monday,2,December,2024,Hiver,Non,0,Neige,29,4303,18,18,16,Aucun,29
2024-12-03,Tuesday,3,December,2024,Hiver,Non,3,Froid,25,2994,16,16,11,Aucun,25
2024-12-04,Wednesday,4,December,2024,Hiver,Non,2,Pluie,23,3825,15,17,12,Aucun,23
2024-12-05,Thursday,5,December,2024,Hiver,Non,3,Pluie,28,1956,10,14,11,Aucun,28
2024-12-06,Friday,6,December,2024,Hiver,Non,3,Froid,33,4016,16,18,15,Épidémie de grippe,33
2024-12-07,Saturday,7,December,2024,Hiver,Non,2,Gris,19,1781,8,11,9,Épidémie de grippe,19
2024-12-08,Sunday,8,December,2024,Hiver,Non,3,Gris,18,2008,9,10,9,Aucun,18
2024-12-09,Monday,9,December,2024,Hiver,Non,3,Froid,23,2502,11,12,11,Épidémie de grippe,23
2024-12-10,Tuesday,10,December,2024,Hiver,Non,1,Froid,26,3910,12,16,14,Aucun,26
2024-12-11,Wednesday,11,December,2024,Hiver,Non,-1,Froid,23,2664,12,14,11,Épidémie de grippe,23
2024-12-12,Thursday,12,December,2024,Hiver,Non,1,Froid,32,2971,14,18,14,Épidémie de grippe,32
2024-12-13,Friday,13,December,2024,Hiver,Non,1,Neige,30,4095,15,18,14,Épidémie de grippe,30
2024-12-14,Saturday,14,December,2024,Hiver,Non,3,Froid,19,1869,10,11,8,Épidémie de grippe,19
2024-12-15,Sunday,15,December,2024,Hiver,Non,2,Froid,15,2853,9,12,9,Épidémie de grippe,15
2024-12-16,Monday,16,December,2024,Hiver,Non,2,Froid,28,2686,12,17,11,Aucun,28
2024-12-17,Tuesday,17,December,2024,Hiver,Non,2,Froid,28,2902,12,17,13,Aucun,28
2024-12-18,Wednesday,18,December,2024,Hiver,Non,1,Froid,24,2514,12,15,12,Aucun,24
2024-12-19,Thursday,19,December,2024,Hiver,Non,1,Gris,27,3312,14,16,12,Épidémie de grippe,27
2024-12-20,Friday,20,December,2024,Hiver,Non,0,Gris,35,3222,18,21,16,Épidémie de grippe,35
2024-12-21,Saturday,21,December,2024,Hiver,Non,3,Froid,17,2032,8,10,8,Épidémie de grippe,17
2024-12-22,Sunday,22,December,2024,Hiver,Non,4,Gris,15,1331,6,9,6,Épidémie de grippe,15
2024-12-23,Monday,23,December,2024,Hiver,Non,1,Gris,31,4869,18,18,16,Aucun,31
2024-12-24,Tuesday,24,December,2024,Hiver,Non,1,Froid,25,2970,13,15,12,Aucun,25
2024-12-25,Wednesday,25,December,2024,Hiver,Oui,4,Froid,27,3393,14,16,12,Aucun,27
2024-12-26,Thursday,26,December,2024,Hiver,Non,2,Pluie,27,3965,14,16,16,Épidémie de grippe,27
2024-12-27,Friday,27,December,2024,Hiver,Non,2,Froid,31,3496,14,18,15,Épidémie de grippe,31
2024-12-28,Saturday,28,December,2024,Hiver,Non,2,Gris,20,1959,8,12,8,Épidémie de grippe,20
2024-12-29,Sunday,29,December,2024,Hiver,Non,4,Pluie,17,2545,8,10,8,Aucun,17
2024-12-30,Monday,30,December,2024,Hiver,Non,0,Froid,33,4078,16,20,14,Épidémie de grippe,33
2024-12-31,Tuesday,31,December,2024,Hiver,Non,3,Pluie,27,3481,12,17,12,Aucun,27
